wicket,overs,runs,Final-score
1,0.1,0,109
1,0.1,0,189
1,0.1,0,149
1,0.1,0,139
1,0.1,0,139
1,0.1,0,185
1,0.1,2,165
1,0.1,0,161
1,0.1,0,168
1,0.1,0,140
1,0.1,0,188
1,0.1,0,148
1,0.1,0,110
1,0.1,0,186
1,0.1,0,128
1,0.1,0,145
1,0.1,1,166
1,0.1,0,165
1,0.1,0,152
1,0.1,0,158
1,0.1,0,73
1,0.1,0,213
1,0.1,0,139
1,0.1,0,178
1,0.1,0,161
1,0.1,0,156
1,0.1,0,158
1,0.1,0,192
1,0.1,0,159
1,0.1,0,143
1,0.1,0,189
1,0.1,0,130
1,0.2,1,135
1,0.2,0,133
1,0.2,0,165
1,0.2,1,116
2,0.2,0,188
1,0.2,0,135
1,0.2,0,146
1,0.2,4,136
1,0.2,5,160
1,0.2,1,118
1,0.2,0,189
1,0.2,1,176
2,0.2,0,213
1,0.2,4,169
1,0.2,1,149
1,0.2,1,191
1,0.2,1,115
1,0.2,4,180
1,0.2,0,155
1,0.2,1,97
1,0.2,0,153
1,0.2,2,187
1,0.3,5,137
1,0.3,1,189
2,0.3,0,133
1,0.3,1,140
1,0.3,7,123
1,0.3,1,134
1,0.3,0,143
1,0.3,5,151
1,0.3,4,159
1,0.3,0,145
1,0.3,1,150
1,0.3,2,190
1,0.3,0,191
1,0.3,1,186
1,0.3,0,171
1,0.3,3,152
1,0.3,0,175
1,0.3,0,179
1,0.3,4,162
1,0.3,1,110
1,0.3,0,134
1,0.3,2,131
1,0.3,2,171
1,0.3,5,177
1,0.3,1,144
1,0.3,0,188
1,0.4,1,126
1,0.4,10,181
1,0.4,4,204
2,0.4,0,161
1,0.4,3,171
1,0.4,2,148
1,0.4,1,151
1,0.4,4,82
1,0.4,2,112
1,0.4,4,112
1,0.4,0,114
1,0.4,4,120
1,0.4,4,148
1,0.4,1,70
1,0.4,1,183
1,0.4,0,155
1,0.4,10,200
1,0.4,2,142
1,0.4,0,135
1,0.4,0,118
1,0.4,1,167
1,0.4,1,132
1,0.4,1,196
1,0.4,4,184
1,0.4,1,164
1,0.4,1,106
1,0.4,4,218
2,0.4,2,97
2,0.5,6,137
2,0.5,1,109
2,0.5,1,126
1,0.5,8,148
1,0.5,2,145
2,0.5,1,134
1,0.5,0,153
2,0.5,1,151
1,0.5,1,174
1,0.5,2,133
1,0.5,0,129
1,0.5,2,193
1,0.5,5,114
1,0.5,3,148
1,0.5,2,144
1,0.5,2,133
2,0.5,1,70
1,0.5,5,160
1,0.5,5,195
1,0.5,2,154
1,0.5,2,95
1,0.5,1,202
2,0.5,2,186
1,0.5,1,163
1,0.5,2,138
1,0.5,2,189
1,0.5,0,191
1,0.5,0,114
1,0.5,6,208
1,0.5,7,195
1,0.5,1,156
1,0.5,7,181
2,0.5,2,155
1,0.5,0,207
1,0.5,2,176
1,0.5,4,207
1,0.5,2,199
1,0.6,4,144
1,0.6,7,194
2,0.6,1,116
2,0.6,7,123
2,0.6,0,153
1,0.6,9,177
1,0.6,5,153
1,0.6,3,129
1,0.6,6,176
1,0.6,6,132
1,0.6,1,99
1,0.6,0,209
1,0.6,3,154
1,0.6,2,132
1,0.6,0,148
1,0.6,7,113
1,0.6,7,162
1,0.6,2,148
1,0.6,1,67
1,0.6,0,155
1,0.6,3,168
1,0.6,6,162
1,0.6,6,125
1,0.6,4,181
1,0.6,6,218
1,0.6,6,108
1,0.6,1,185
1,0.6,10,171
1,0.6,2,137
2,0.6,7,181
1,0.6,2,150
1,1.1,1,101
1,1.1,6,168
1,1.1,4,164
1,1.1,22,101
1,1.1,7,154
1,1.1,4,111
2,1.1,4,82
1,1.1,4,157
1,1.1,5,141
1,1.1,1,187
1,1.1,8,130
1,1.1,27,159
1,1.1,3,136
2,1.1,8,148
2,1.1,6,118
2,1.1,7,113
1,1.1,8,121
1,1.1,8,151
1,1.1,2,158
1,1.1,2,205
1,1.1,10,208
1,1.1,5,139
1,1.1,5,191
1,1.1,11,164
1,1.1,5,189
1,1.1,8,156
2,1.1,6,130
1,1.1,8,171
2,1.2,10,149
1,1.2,5,119
1,1.2,5,142
1,1.2,14,141
1,1.2,5,163
1,1.2,11,95
2,1.2,5,112
1,1.2,9,118
2,1.2,1,146
1,1.2,7,177
1,1.2,1,141
1,1.2,6,140
2,1.2,1,187
1,1.2,5,124
2,1.2,10,150
1,1.2,21,124
1,1.2,5,154
1,1.2,2,163
1,1.2,20,150
1,1.2,3,146
1,1.2,6,227
1,1.2,11,138
1,1.2,11,188
2,1.2,10,208
1,1.2,11,153
1,1.2,9,127
1,1.2,7,153
1,1.2,8,195
1,1.2,7,131
1,1.2,6,204
2,1.2,14,180
1,1.2,12,192
1,1.2,11,175
1,1.2,5,68
2,1.2,10,143
1,1.2,4,135
1,1.2,10,167
1,1.3,8,112
1,1.3,5,157
1,1.3,7,173
1,1.3,6,151
1,1.3,12,174
1,1.3,9,112
1,1.3,14,168
1,1.3,7,133
1,1.3,1,164
1,1.3,7,158
2,1.3,6,140
1,1.3,8,126
2,1.3,1,209
1,1.3,17,149
1,1.3,14,142
1,1.3,8,168
1,1.3,5,162
1,1.3,8,111
1,1.3,7,143
1,1.3,8,185
1,1.3,5,107
1,1.3,19,202
1,1.3,6,191
1,1.3,6,143
1,1.3,10,213
1,1.3,5,175
1,1.3,3,84
1,1.3,12,184
1,1.3,16,200
2,1.3,2,156
2,1.3,5,68
1,1.3,4,146
1,1.3,13,214
1,1.4,8,182
1,1.4,11,158
1,1.4,7,147
1,1.4,7,126
1,1.4,8,145
1,1.4,3,181
1,1.4,11,145
2,1.4,11,95
2,1.4,4,157
1,1.4,6,156
1,1.4,4,175
1,1.4,9,147
1,1.4,14,97
1,1.4,7,138
1,1.4,5,139
1,1.4,9,162
2,1.4,6,144
1,1.4,19,154
1,1.4,2,183
1,1.4,4,163
2,1.4,11,166
1,1.4,9,132
1,1.4,10,125
2,1.4,25,124
1,1.4,8,180
2,1.4,6,158
1,1.4,19,207
1,1.4,4,138
1,1.4,18,176
1,1.4,20,118
1,1.4,9,163
1,1.4,2,164
1,1.4,7,150
1,1.4,13,163
1,1.4,35,62
1,1.4,6,157
2,1.4,3,84
2,1.4,10,149
2,1.4,3,114
1,1.4,7,188
1,1.4,10,92
1,1.4,7,165
1,1.4,8,169
1,1.4,11,144
3,1.4,5,97
1,1.4,11,175
1,1.4,11,118
1,1.5,9,165
3,1.5,9,123
1,1.5,11,184
1,1.5,2,92
2,1.5,2,141
1,1.5,6,126
1,1.5,6,165
1,1.5,12,181
1,1.5,10,150
1,1.5,8,159
1,1.5,12,191
1,1.5,6,148
2,1.5,9,162
1,1.5,13,178
1,1.5,15,166
2,1.5,8,108
1,1.5,11,155
2,1.5,35,62
1,1.5,11,194
3,1.5,3,114
1,1.5,14,141
1,1.5,8,129
1,1.5,6,169
1,1.5,11,170
1,1.5,9,157
1,1.5,11,185
1,1.5,13,139
1,1.6,9,142
1,1.6,11,196
1,1.6,13,156
2,1.6,8,189
1,1.6,8,150
1,1.6,12,134
1,1.6,7,170
2,1.6,21,177
2,1.6,12,174
1,1.6,12,142
1,1.6,13,165
1,1.6,13,152
2,1.6,8,124
1,1.6,5,119
2,1.6,12,159
3,1.6,7,144
1,1.6,6,183
2,1.6,4,136
1,1.6,11,141
1,1.6,11,164
1,1.6,7,124
1,1.6,12,162
1,1.6,21,153
1,1.6,11,147
2,1.6,20,118
1,1.6,1,175
1,1.6,16,149
3,1.6,35,62
1,1.6,11,115
3,1.6,10,149
1,1.6,10,152
1,1.6,5,147
2,1.6,9,204
1,1.6,7,131
1,1.6,11,189
3,1.6,8,68
1,1.6,17,177
1,1.6,11,188
1,1.6,23,191
1,1.6,15,127
2,1.6,16,171
1,1.6,21,179
1,2.1,9,129
1,2.1,4,143
1,2.1,7,147
1,2.1,12,150
1,2.1,16,159
1,2.1,9,164
1,2.1,7,128
2,2.1,12,114
1,2.1,12,161
3,2.1,5,70
1,2.1,13,152
1,2.1,13,168
1,2.1,23,156
1,2.1,15,167
1,2.1,34,106
1,2.1,10,152
1,2.1,14,143
1,2.1,15,158
1,2.1,4,121
2,2.1,9,168
1,2.1,7,129
1,2.1,7,165
1,2.1,17,151
1,2.1,19,176
2,2.1,17,169
1,2.1,12,171
1,2.1,6,131
1,2.1,10,167
2,2.1,7,188
1,2.1,9,137
1,2.1,7,152
1,2.1,17,143
1,2.1,8,133
2,2.1,12,189
1,2.1,12,207
1,2.1,19,182
1,2.1,12,177
1,2.2,22,214
2,2.2,16,135
1,2.2,15,154
1,2.2,12,103
2,2.2,20,181
1,2.2,14,149
1,2.2,11,147
2,2.2,11,112
1,2.2,9,158
2,2.2,14,150
1,2.2,10,105
1,2.2,15,181
1,2.2,17,139
1,2.2,16,130
2,2.2,13,112
2,2.2,11,148
1,2.2,11,131
2,2.2,6,129
1,2.2,13,115
1,2.2,10,157
1,2.2,15,160
1,2.2,15,182
1,2.2,8,171
1,2.2,11,215
1,2.2,3,156
1,2.2,10,117
2,2.2,16,136
2,2.2,6,183
4,2.2,5,70
1,2.2,15,145
1,2.2,12,141
1,2.2,24,179
1,2.2,13,115
1,2.2,15,156
2,2.2,19,200
1,2.2,19,135
1,2.2,16,130
1,2.2,24,98
1,2.2,26,191
1,2.2,14,183
1,2.2,10,172
1,2.2,12,173
1,2.2,7,174
2,2.2,16,132
1,2.2,14,129
3,2.2,3,84
1,2.2,11,216
1,2.2,18,165
1,2.2,24,162
1,2.2,7,169
1,2.2,11,178
1,2.2,14,178
1,2.2,16,226
2,2.2,13,139
2,2.2,16,199
1,2.2,14,149
2,2.2,12,177
1,2.3,17,129
1,2.3,32,147
2,2.3,12,158
1,2.3,20,143
2,2.3,19,148
1,2.3,13,173
2,2.3,21,165
1,2.3,12,161
2,2.3,17,159
1,2.3,18,184
3,2.3,14,151
1,2.3,14,159
1,2.3,21,140
1,2.3,18,160
1,2.3,15,89
1,2.3,11,144
1,2.3,19,138
1,2.3,6,164
2,2.3,3,132
1,2.3,20,148
1,2.3,14,160
1,2.3,6,190
1,2.3,13,164
1,2.3,13,195
2,2.3,15,158
1,2.3,12,166
1,2.3,7,200
1,2.3,15,146
1,2.3,8,170
3,2.3,9,108
1,2.3,11,161
1,2.3,11,161
1,2.3,13,183
1,2.3,21,147
1,2.3,12,149
2,2.3,10,161
1,2.3,14,177
2,2.3,13,158
1,2.3,28,210
2,2.3,13,189
1,2.3,21,168
1,2.3,11,171
1,2.3,18,214
1,2.3,21,197
1,2.3,14,176
1,2.4,26,240
2,2.4,32,147
1,2.4,19,120
2,2.4,17,130
3,2.4,9,112
2,2.4,20,97
1,2.4,14,163
2,2.4,11,171
1,2.4,11,174
2,2.4,22,154
3,2.4,5,136
2,2.4,15,145
1,2.4,21,172
1,2.4,10,143
1,2.4,12,157
1,2.4,18,142
1,2.4,13,162
1,2.4,2,126
1,2.4,19,103
2,2.4,8,129
1,2.4,16,138
2,2.4,16,181
1,2.4,34,218
1,2.4,42,159
1,2.4,24,155
1,2.4,27,154
1,2.4,12,164
2,2.4,16,156
1,2.4,22,221
1,2.4,28,136
1,2.4,13,193
1,2.4,10,151
1,2.4,8,144
1,2.4,18,193
1,2.4,14,157
1,2.4,29,162
1,2.5,20,165
3,2.5,11,109
1,2.5,18,156
1,2.5,16,67
1,2.5,39,178
2,2.5,15,134
2,2.5,15,150
2,2.5,28,101
1,2.5,18,136
1,2.5,28,183
2,2.5,14,133
3,2.5,13,148
1,2.5,20,175
1,2.5,19,175
2,2.5,13,147
3,2.5,20,97
1,2.5,16,134
2,2.5,20,138
2,2.5,15,119
1,2.5,15,123
1,2.5,13,112
1,2.5,20,155
1,2.5,16,157
2,2.5,14,162
2,2.5,6,183
1,2.5,17,149
2,2.5,8,124
2,2.5,7,67
2,2.5,20,158
2,2.5,14,153
1,2.5,31,151
4,2.5,44,62
1,2.5,13,120
1,2.5,23,176
4,2.5,3,114
1,2.5,13,169
1,2.5,19,149
2,2.5,15,106
1,2.5,6,161
2,2.5,15,192
1,2.5,26,195
1,2.5,13,153
1,2.5,11,160
1,2.5,21,121
1,2.5,23,179
3,2.5,16,130
3,2.5,14,139
2,2.6,32,214
2,2.6,16,67
2,2.6,25,143
1,2.6,15,135
1,2.6,43,170
3,2.6,38,177
2,2.6,17,139
1,2.6,34,192
1,2.6,24,143
1,2.6,18,97
1,2.6,19,152
1,2.6,24,124
2,2.6,19,152
1,2.6,17,120
1,2.6,22,165
3,2.6,15,119
1,2.6,15,145
1,2.6,22,191
3,2.6,26,124
3,2.6,10,118
2,2.6,25,98
1,2.6,18,148
1,2.6,13,125
2,2.6,15,110
1,2.6,17,220
3,2.6,7,156
3,2.6,23,155
1,2.6,21,159
1,3.1,34,208
2,3.1,21,103
1,3.1,24,174
1,3.1,16,164
1,3.1,24,188
2,3.1,25,142
1,3.1,22,141
1,3.1,22,94
2,3.1,18,97
2,3.1,9,138
2,3.1,26,110
2,3.1,5,92
1,3.1,24,136
1,3.1,20,132
1,3.1,25,187
0,3.1,24,164
1,3.1,20,235
2,3.1,17,149
1,3.1,23,124
1,3.1,22,183
1,3.1,18,157
1,3.1,21,195
1,3.1,32,155
1,3.1,37,186
1,3.1,30,174
1,3.1,35,202
1,3.1,31,162
2,3.1,31,154
2,3.1,16,147
1,3.1,15,120
1,3.1,18,154
1,3.1,14,128
2,3.1,16,169
1,3.1,25,154
1,3.2,21,110
1,3.2,27,164
1,3.2,23,169
1,3.2,19,148
2,3.2,22,119
1,3.2,32,180
1,3.2,44,183
3,3.2,17,139
3,3.2,21,130
3,3.2,15,82
2,3.2,22,175
3,3.2,15,147
2,3.2,17,148
1,3.2,11,161
2,3.2,22,120
1,3.2,25,166
3,3.2,16,148
1,3.2,23,177
2,3.2,17,125
2,3.2,23,142
1,3.2,18,137
2,3.2,19,162
1,3.2,26,157
1,3.2,45,187
2,3.2,32,155
1,3.2,15,198
2,3.2,20,155
1,3.2,18,213
1,3.2,4,179
1,3.2,25,164
1,3.2,22,171
1,3.2,36,172
2,3.2,22,159
1,3.2,26,204
2,3.2,28,153
1,3.2,41,257
1,3.2,30,182
3,3.3,15,126
2,3.3,15,144
2,3.3,20,129
2,3.3,15,147
2,3.3,17,164
1,3.3,21,149
1,3.3,21,166
1,3.3,32,129
2,3.3,20,120
3,3.3,28,101
2,3.3,18,143
1,3.3,38,212
1,3.3,35,185
1,3.3,45,170
1,3.3,24,172
2,3.3,25,188
1,3.3,29,153
4,3.3,9,112
1,3.3,16,118
1,3.3,26,109
2,3.3,22,141
1,3.3,21,170
2,3.3,17,118
2,3.3,16,128
1,3.3,30,175
1,3.3,28,197
1,3.3,40,153
2,3.3,16,141
2,3.3,19,132
3,3.3,10,124
2,3.3,16,145
2,3.3,24,168
1,3.3,33,185
2,3.3,43,165
4,3.3,10,118
2,3.3,19,143
3,3.3,21,158
2,3.3,18,148
2,3.3,18,138
2,3.3,19,73
1,3.3,14,182
1,3.3,18,179
1,3.3,16,70
2,3.3,36,218
1,3.3,35,187
2,3.3,12,131
2,3.3,9,157
4,3.3,14,84
2,3.3,24,176
1,3.3,30,154
2,3.3,14,164
2,3.3,15,131
3,3.3,22,156
1,3.3,19,179
1,3.3,17,166
1,3.3,23,134
3,3.3,20,158
2,3.3,16,171
2,3.3,26,204
2,3.3,25,127
1,3.3,31,144
2,3.4,12,101
2,3.4,21,149
1,3.4,31,168
1,3.4,38,218
1,3.4,35,183
3,3.4,23,112
2,3.4,29,184
1,3.4,24,81
2,3.4,13,164
1,3.4,18,165
1,3.4,22,163
1,3.4,24,56
2,3.4,15,129
1,3.4,23,189
2,3.4,22,130
4,3.4,15,144
1,3.4,29,194
1,3.4,13,80
2,3.4,23,195
1,3.4,23,199
3,3.4,12,183
2,3.4,15,157
1,3.4,21,187
1,3.4,21,138
1,3.4,27,185
1,3.4,28,194
2,3.4,17,151
1,3.4,33,171
3,3.4,9,158
1,3.4,48,131
1,3.4,31,162
2,3.4,35,152
1,3.4,37,158
3,3.4,24,169
2,3.4,29,213
1,3.4,16,185
2,3.4,14,175
1,3.4,21,136
2,3.4,47,151
1,3.4,25,154
1,3.4,27,90
2,3.4,16,115
1,3.4,19,216
1,3.4,33,115
1,3.4,33,172
1,3.4,18,125
2,3.4,29,179
2,3.4,38,187
2,3.5,27,129
2,3.5,18,154
1,3.5,28,178
1,3.5,46,184
1,3.5,18,119
2,3.5,39,111
3,3.5,30,174
2,3.5,17,118
1,3.5,8,114
2,3.5,21,89
1,3.5,25,232
1,3.5,26,192
1,3.5,24,157
1,3.5,27,186
1,3.5,38,178
1,3.5,20,115
4,3.5,26,124
2,3.5,23,155
1,3.5,33,111
1,3.5,29,163
2,3.5,29,121
1,3.5,27,163
1,3.5,32,170
1,3.5,19,248
1,3.5,33,172
1,3.5,22,134
2,3.5,20,165
1,3.5,21,187
2,3.5,34,139
2,3.5,36,166
1,3.5,28,160
2,3.5,20,115
2,3.5,21,191
1,3.5,31,145
1,3.5,25,188
2,3.5,16,177
1,3.5,18,134
2,3.5,43,137
2,3.5,34,143
3,3.5,22,143
1,3.6,22,178
1,3.6,47,177
1,3.6,27,165
1,3.6,28,187
1,3.6,25,119
1,3.6,31,136
2,3.6,17,133
4,3.6,31,97
1,3.6,37,157
1,3.6,28,166
1,3.6,39,177
1,3.6,44,171
2,3.6,29,155
1,3.6,37,134
2,3.6,38,150
1,3.6,25,127
2,3.6,23,142
1,3.6,24,160
3,3.6,24,149
1,3.6,37,142
2,3.6,19,155
3,3.6,36,155
2,3.6,21,187
3,3.6,16,153
5,3.6,54,62
3,3.6,13,157
2,3.6,26,125
1,3.6,24,142
1,3.6,24,159
1,3.6,30,171
1,3.6,27,168
2,3.6,33,144
1,3.6,31,130
1,3.6,19,193
1,3.6,38,157
4,4,19,139
2,4.1,21,139
1,4.1,34,141
3,4.1,41,111
2,4.1,32,145
2,4.1,28,109
3,4.1,17,128
1,4.1,20,164
1,4.1,22,174
1,4.1,28,150
3,4.1,17,145
2,4.1,28,132
1,4.1,33,152
1,4.1,36,178
2,4.1,31,163
2,4.1,31,130
1,4.1,23,139
3,4.1,29,121
2,4.1,22,134
2,4.1,22,138
2,4.1,28,153
1,4.1,24,162
2,4.1,22,183
1,4.1,30,170
1,4.1,25,152
3,4.1,31,154
1,4.1,38,171
2,4.1,30,171
2,4.1,21,154
1,4.1,26,125
1,4.1,32,135
2,4.1,28,131
2,4.1,25,175
3,4.1,33,144
4,4.1,17,97
1,4.1,46,228
4,4.1,22,130
1,4.1,32,167
2,4.1,29,149
2,4.1,32,167
1,4.1,27,186
3,4.2,21,67
2,4.2,21,173
3,4.2,26,134
1,4.2,41,184
3,4.2,17,118
1,4.2,67,195
1,4.2,33,160
2,4.2,28,94
2,4.2,21,134
3,4.2,20,132
1,4.2,29,138
3,4.2,27,155
2,4.2,50,106
1,4.2,29,171
1,4.2,33,179
2,4.2,34,124
1,4.2,45,184
1,4.2,44,178
3,4.2,22,134
2,4.2,46,153
1,4.2,25,128
1,4.2,35,205
1,4.2,26,169
3,4.2,36,139
2,4.2,50,159
3,4.2,26,115
2,4.2,42,184
1,4.2,37,167
2,4.2,24,162
3,4.2,19,106
4,4.2,20,68
1,4.2,26,158
1,4.2,42,195
2,4.2,37,207
2,4.2,24,144
2,4.2,37,162
1,4.2,33,204
1,4.2,35,134
2,4.2,38,182
2,4.3,22,110
2,4.3,18,119
1,4.3,27,160
3,4.3,28,165
2,4.3,17,135
2,4.3,36,151
2,4.3,19,140
1,4.3,26,159
1,4.3,29,148
1,4.3,32,119
1,4.3,29,170
2,4.3,20,120
3,4.3,18,141
1,4.3,21,136
2,4.3,26,114
1,4.3,30,169
1,4.3,32,129
2,4.3,27,132
1,4.3,15,115
1,4.3,25,130
2,4.3,37,178
1,4.3,33,231
2,4.3,22,146
1,4.3,38,171
1,4.3,48,201
2,4.3,26,103
2,4.3,41,172
3,4.3,24,73
1,4.3,50,204
2,4.3,42,143
1,4.3,36,88
2,4.3,38,174
1,4.3,36,147
6,4.3,57,62
1,4.3,46,175
3,4.3,18,177
4,4.3,29,158
3,4.3,31,175
2,4.3,35,115
2,4.3,22,146
2,4.3,28,186
2,4.4,39,208
3,4.4,28,112
2,4.4,27,145
1,4.4,36,163
1,4.4,23,153
2,4.4,22,105
3,4.4,31,161
1,4.4,55,190
1,4.4,28,171
2,4.4,40,148
2,4.4,40,163
1,4.4,41,138
3,4.4,27,95
2,4.4,28,81
4,4.4,17,118
1,4.4,36,146
2,4.4,23,186
3,4.4,26,114
5,4.4,19,144
2,4.4,25,112
2,4.4,25,141
2,4.4,29,138
1,4.4,45,184
1,4.4,27,164
1,4.4,50,192
1,4.4,42,134
3,4.4,54,106
3,4.4,34,158
2,4.4,24,107
3,4.4,44,118
4,4.4,24,108
1,4.4,46,162
2,4.4,39,149
2,4.4,28,120
1,4.4,23,158
2,4.4,35,167
4,4.4,19,106
2,4.4,39,136
1,4.4,42,174
1,4.4,41,192
2,4.4,39,144
2,4.4,44,197
3,4.4,35,171
1,4.5,34,166
1,4.5,31,154
3,4.5,17,133
1,4.5,40,116
2,4.5,55,190
2,4.5,45,141
2,4.5,44,171
3,4.5,29,142
1,4.5,40,137
2,4.5,29,151
4,4.5,24,148
1,4.5,44,171
1,4.5,43,205
3,4.5,27,129
2,4.5,32,166
1,4.5,28,187
2,4.5,28,156
3,4.5,37,159
2,4.5,32,129
2,4.5,31,154
1,4.5,43,187
1,4.5,44,158
3,4.5,31,98
2,4.5,25,121
1,4.5,35,135
2,4.5,48,178
1,4.5,48,160
1,4.5,39,167
1,4.5,30,161
3,4.5,27,132
1,4.5,63,142
2,4.5,38,218
3,4.5,27,175
1,4.5,38,161
2,4.5,42,163
7,4.5,61,62
1,4.5,45,149
1,4.5,36,174
1,4.5,49,193
2,4.5,27,125
3,4.5,27,169
2,4.5,34,189
2,4.5,33,151
2,4.5,51,159
1,4.6,53,191
1,4.6,45,187
2,4.6,36,143
2,4.6,28,149
2,4.6,42,168
2,4.6,38,180
2,4.6,45,183
2,4.6,27,163
2,4.6,32,139
3,4.6,24,114
2,4.6,21,99
4,4.6,17,119
2,4.6,32,183
2,4.6,38,172
1,4.6,31,157
2,4.6,37,168
1,4.6,33,165
2,4.6,35,127
1,4.6,36,130
2,4.6,25,139
4,4.6,30,121
2,4.6,26,118
3,4.6,32,186
2,4.6,24,126
3,4.6,45,172
3,4.6,22,148
1,4.6,25,159
3,4.6,22,67
1,4.6,38,167
2,4.6,41,88
2,4.6,28,136
2,4.6,31,175
1,4.6,37,126
1,4.6,35,127
2,4.6,29,134
2,4.6,32,128
2,4.6,44,195
1,4.6,60,209
2,4.6,57,228
2,4.6,32,177
2,4.6,47,179
5,4.6,23,130
1,4.6,54,214
2,5.1,23,142
2,5.1,35,141
4,5.1,31,161
2,5.1,39,142
1,5.1,27,92
2,5.1,58,183
1,5.1,47,172
2,5.1,28,115
2,5.1,22,161
1,5.1,38,172
2,5.1,48,149
2,5.1,35,141
2,5.1,23,160
2,5.1,30,199
3,5.1,64,165
3,5.1,35,127
2,5.1,43,152
3,5.1,35,130
1,5.1,53,170
2,5.1,47,142
2,5.1,40,162
1,5.1,48,177
2,5.1,48,162
3,5.1,38,176
2,5.1,50,171
1,5.1,49,138
2,5.1,36,154
1,5.1,42,165
1,5.1,47,189
2,5.1,47,118
1,5.2,61,222
3,5.2,27,154
2,5.2,46,187
1,5.2,39,163
3,5.2,16,101
2,5.2,48,168
3,5.2,23,149
1,5.2,52,160
3,5.2,28,141
3,5.2,20,129
2,5.2,30,156
1,5.2,50,178
3,5.2,26,97
1,5.2,53,205
1,5.2,35,168
1,5.2,47,173
4,5.2,24,114
2,5.2,31,162
1,5.2,34,126
2,5.2,26,117
1,5.2,45,223
1,5.2,45,152
1,5.2,67,106
1,5.2,35,140
5,5.2,17,70
2,5.2,38,231
2,5.2,44,115
3,5.2,37,168
2,5.2,36,95
2,5.2,37,135
1,5.2,53,185
4,5.2,31,73
3,5.2,25,107
2,5.2,51,202
2,5.2,48,147
1,5.2,53,245
3,5.2,41,88
2,5.2,28,70
1,5.2,51,176
3,5.2,53,151
1,5.2,36,162
4,5.2,30,115
2,5.2,37,147
2,5.2,45,149
1,5.2,48,153
5,5.2,21,114
2,5.2,35,166
1,5.2,36,135
2,5.2,32,169
3,5.2,44,181
2,5.2,38,168
3,5.2,20,171
3,5.2,32,127
3,5.3,40,137
1,5.3,35,122
3,5.3,49,143
2,5.3,22,126
2,5.3,37,145
3,5.3,50,119
4,5.3,42,101
1,5.3,41,183
2,5.3,40,137
1,5.3,43,125
2,5.3,41,176
3,5.3,30,89
4,5.3,20,147
2,5.3,42,193
1,5.3,37,100
2,5.3,43,136
2,5.3,33,150
2,5.3,26,160
1,5.3,33,186
1,5.3,44,201
1,5.3,34,189
1,5.3,43,166
2,5.3,38,156
2,5.3,34,148
3,5.3,23,113
4,5.3,35,98
3,5.3,27,118
2,5.3,42,138
1,5.3,68,230
4,5.3,46,118
2,5.3,59,186
2,5.3,33,148
1,5.3,80,235
2,5.3,41,90
1,5.3,54,185
2,5.3,50,172
1,5.3,52,199
3,5.3,46,115
2,5.3,57,185
3,5.3,53,179
3,5.3,46,187
2,5.4,46,165
1,5.4,46,162
3,5.4,33,144
3,5.4,48,168
2,5.4,46,163
2,5.4,48,129
3,5.4,20,135
3,5.4,50,188
2,5.4,52,184
1,5.4,36,169
2,5.4,15,114
2,5.4,40,152
4,5.4,22,128
3,5.4,29,115
2,5.4,49,153
1,5.4,30,125
2,5.4,28,126
1,5.4,43,152
2,5.4,28,164
1,5.4,41,170
2,5.4,41,142
3,5.4,33,154
2,5.4,46,130
1,5.4,42,157
4,5.4,71,106
2,5.4,42,171
3,5.4,25,126
1,5.4,45,181
2,5.4,40,172
2,5.4,65,131
1,5.4,49,217
2,5.4,23,174
1,5.4,46,210
3,5.4,59,186
1,5.4,38,182
2,5.4,35,194
1,5.4,50,177
2,5.4,45,188
1,5.4,24,133
1,5.4,36,123
2,5.4,29,134
2,5.4,47,162
1,5.4,60,165
5,5.4,29,97
3,5.4,31,159
2,5.4,27,125
2,5.4,56,182
3,5.4,45,167
3,5.5,61,147
4,5.5,38,109
2,5.5,28,156
4,5.5,34,112
1,5.5,39,165
3,5.5,38,143
2,5.5,45,139
2,5.5,40,148
3,5.5,29,105
2,5.5,42,166
3,5.5,46,141
1,5.5,62,246
5,5.5,36,112
2,5.5,42,140
2,5.5,35,136
2,5.5,32,56
2,5.5,38,112
2,5.5,33,187
1,5.5,37,126
4,5.5,20,141
1,5.5,48,162
2,5.5,44,128
1,5.5,46,119
3,5.5,37,136
1,5.5,60,198
4,5.5,69,165
1,5.5,47,209
1,5.5,45,183
2,5.5,35,143
4,5.5,24,158
2,5.5,41,157
2,5.5,64,171
1,5.5,46,198
3,5.5,48,153
3,5.5,40,155
2,5.5,41,167
2,5.5,46,195
5,5.5,32,73
2,5.5,38,146
3,5.5,50,184
1,5.5,56,228
2,5.5,48,208
3,5.5,36,147
3,5.5,44,128
3,5.5,62,137
1,5.5,37,187
2,5.5,50,178
1,5.5,85,203
2,5.5,74,257
3,5.5,27,125
3,5.6,45,158
2,5.6,50,162
2,5.6,36,122
1,5.6,47,156
1,5.6,35,133
1,5.6,67,104
3,5.6,30,116
2,5.6,49,147
3,5.6,37,134
3,5.6,44,142
2,5.6,46,181
2,5.6,51,154
1,5.6,34,191
2,5.6,40,119
2,5.6,46,157
2,5.6,50,177
1,5.6,47,190
3,5.6,44,115
3,5.6,35,162
2,5.6,56,150
1,5.6,16,119
1,5.6,41,180
3,5.6,36,142
2,5.6,48,162
1,5.6,46,158
2,5.6,48,171
1,5.6,55,161
3,5.6,54,147
2,5.6,36,185
2,5.6,36,129
2,5.6,40,149
3,5.6,32,131
1,5.6,48,163
2,5.6,41,92
4,5.6,24,156
2,5.6,48,193
2,6.1,41,154
2,6.1,67,104
3,6.1,38,139
3,6.1,38,145
1,6.1,59,188
2,6.1,69,212
4,6.1,44,142
1,6.1,53,178
2,6.1,52,153
4,6.1,27,82
2,6.1,42,148
1,6.1,45,131
1,6.1,43,155
2,6.1,35,125
2,6.1,41,126
3,6.1,31,156
3,6.1,41,148
2,6.1,43,152
2,6.1,47,119
1,6.1,45,149
6,6.1,29,144
2,6.1,76,106
2,6.1,54,191
1,6.1,56,185
2,6.1,37,111
1,6.1,53,168
4,6.1,25,67
3,6.1,36,138
2,6.1,47,127
1,6.1,57,168
1,6.1,49,133
2,6.1,46,145
2,6.1,47,149
3,6.1,41,90
1,6.1,58,210
2,6.1,44,171
3,6.1,47,204
2,6.1,50,207
2,6.1,49,167
1,6.1,61,218
3,6.1,35,177
2,6.2,57,240
3,6.2,41,129
2,6.2,47,158
2,6.2,57,173
2,6.2,31,92
2,6.2,43,160
3,6.2,35,157
3,6.2,43,140
1,6.2,60,165
1,6.2,56,184
3,6.2,39,156
3,6.2,39,95
1,6.2,57,167
1,6.2,55,187
3,6.2,44,124
2,6.2,36,163
3,6.2,42,135
3,6.2,66,131
2,6.2,62,176
1,6.2,66,173
2,6.2,71,202
1,6.2,78,212
5,6.2,26,106
2,6.2,40,127
2,6.2,39,135
2,6.2,37,129
1,6.2,50,151
3,6.2,40,189
3,6.2,48,151
3,6.2,44,143
1,6.2,54,233
2,6.3,56,166
3,6.3,59,135
2,6.3,42,178
2,6.3,54,168
1,6.3,43,145
3,6.3,70,212
2,6.3,74,218
2,6.3,54,161
3,6.3,47,145
1,6.3,51,183
3,6.3,43,110
3,6.3,47,171
1,6.3,36,187
1,6.3,44,165
1,6.3,52,170
2,6.3,55,134
2,6.3,54,143
2,6.3,54,179
2,6.3,31,164
4,6.3,39,95
3,6.3,47,171
1,6.3,46,206
2,6.3,61,184
3,6.3,56,195
2,6.3,64,158
1,6.3,54,187
1,6.3,49,158
2,6.3,56,162
2,6.3,62,171
1,6.3,55,150
2,6.3,38,123
2,6.3,43,134
4,6.3,50,187
2,6.3,55,176
4,6.4,28,67
2,6.4,40,147
1,6.4,65,192
3,6.4,48,158
3,6.4,58,148
1,6.4,57,181
1,6.4,51,136
3,6.4,45,136
5,6.4,54,97
2,6.4,44,164
2,6.4,52,173
1,6.4,51,193
3,6.4,39,125
1,6.4,60,177
3,6.4,50,152
1,6.4,65,154
2,6.4,48,158
1,6.4,63,208
2,6.4,39,148
1,6.4,54,174
4,6.4,50,139
1,6.4,68,196
6,6.4,30,114
3,6.4,41,135
4,6.4,46,128
2,6.4,36,216
3,6.4,53,192
4,6.4,54,115
2,6.4,85,209
2,6.4,64,157
3,6.4,55,153
2,6.4,65,214
4,6.5,43,144
3,6.5,64,181
2,6.5,47,133
1,6.5,63,168
2,6.5,64,165
1,6.5,61,178
2,6.5,54,116
3,6.5,38,81
6,6.5,55,97
2,6.5,59,197
1,6.5,55,170
1,6.5,40,139
2,6.5,52,115
2,6.5,68,198
2,6.5,68,185
5,6.5,72,165
2,6.5,71,111
1,6.5,52,189
3,6.5,62,184
1,6.5,53,188
4,6.5,31,107
2,6.5,54,166
2,6.5,52,125
2,6.5,53,217
1,6.5,54,160
4,6.5,50,88
3,6.5,40,185
2,6.5,58,161
4,6.5,37,147
1,6.5,47,189
3,6.5,32,134
3,6.5,38,115
4,6.5,34,125
3,6.5,60,118
2,6.5,66,218
3,6.5,55,176
2,6.6,54,164
2,6.6,53,196
2,6.6,52,156
1,6.6,75,118
2,6.6,65,192
1,6.6,58,154
1,6.6,61,146
4,6.6,40,95
1,6.6,49,132
2,6.6,54,178
3,6.6,46,138
1,6.6,63,182
2,6.6,49,190
3,6.6,50,138
2,6.6,52,152
3,6.6,45,120
3,6.6,56,195
2,6.6,49,157
1,6.6,80,199
2,6.6,48,164
2,6.6,48,181
3,6.6,39,138
5,6.6,31,107
1,6.6,59,219
2,6.6,49,171
1,6.6,57,206
1,6.6,53,187
2,6.6,67,137
2,6.6,39,120
2,6.6,26,131
1,6.6,50,205
1,6.6,50,171
1,6.6,67,214
3,7.1,62,240
4,7.1,54,158
3,7.1,39,122
1,7.1,70,176
2,7.1,66,184
3,7.1,36,151
3,7.1,30,92
3,7.1,42,130
1,7.1,54,183
2,7.1,32,80
2,7.1,42,130
4,7.1,35,145
3,7.1,36,139
5,7.1,40,121
3,7.1,43,142
4,7.1,29,118
2,7.1,32,182
1,7.1,56,174
4,7.1,44,185
3,7.1,58,166
2,7.1,45,170
3,7.1,61,163
3,7.1,65,159
2,7.1,47,164
3,7.1,39,120
2,7.1,68,185
1,7.1,72,212
1,7.1,67,197
4,7.2,65,135
4,7.2,64,147
4,7.2,49,143
3,7.2,46,120
4,7.2,35,135
2,7.2,60,183
2,7.2,55,178
1,7.2,56,200
1,7.2,44,168
2,7.2,48,131
4,7.2,41,141
2,7.2,39,135
3,7.2,56,157
2,7.2,41,100
3,7.2,54,136
1,7.2,62,179
1,7.2,71,185
1,7.2,61,168
1,7.2,52,192
2,7.2,59,140
2,7.2,56,135
3,7.2,56,142
3,7.2,41,129
2,7.2,74,196
2,7.2,76,142
3,7.2,38,70
1,7.2,56,160
2,7.2,60,175
3,7.2,42,194
1,7.2,53,172
4,7.2,43,177
4,7.2,62,181
3,7.2,35,146
2,7.2,54,158
1,7.2,62,173
2,7.2,73,176
3,7.2,67,157
3,7.2,57,144
2,7.2,62,214
3,7.3,64,166
3,7.3,46,129
4,7.3,45,123
2,7.3,64,172
3,7.3,59,154
4,7.3,55,111
1,7.3,59,132
4,7.3,36,151
2,7.3,56,136
1,7.3,60,171
3,7.3,47,154
2,7.3,46,180
1,7.3,63,175
1,7.3,60,172
3,7.3,57,171
3,7.3,67,178
2,7.3,55,188
2,7.3,62,200
3,7.3,60,143
3,7.3,56,127
3,7.3,76,202
3,7.3,42,148
4,7.3,48,135
2,7.3,84,210
1,7.3,67,149
4,7.3,47,155
4,7.3,35,146
1,7.3,74,177
6,7.3,39,97
2,7.3,65,177
2,7.3,85,150
1,7.3,73,235
4,7.4,47,129
4,7.4,33,116
3,7.4,42,109
2,7.4,50,119
4,7.4,45,136
2,7.4,46,168
1,7.4,50,120
2,7.4,58,170
3,7.4,42,120
3,7.4,29,99
1,7.4,59,180
3,7.4,50,119
2,7.4,43,174
4,7.4,48,136
2,7.4,42,139
3,7.4,58,132
2,7.4,38,190
2,7.4,68,177
2,7.4,59,180
1,7.4,69,174
4,7.4,34,126
2,7.4,66,170
1,7.4,63,161
5,7.4,30,67
2,7.4,55,138
3,7.4,43,187
2,7.4,69,177
4,7.4,42,148
1,7.4,67,194
2,7.4,78,200
3,7.4,42,123
1,7.4,66,171
3,7.4,59,136
3,7.4,70,178
1,7.4,53,159
4,7.4,58,144
5,7.5,44,109
5,7.5,29,67
3,7.5,54,148
3,7.5,38,92
2,7.5,65,138
3,7.5,53,137
3,7.5,44,119
5,7.5,45,136
2,7.5,48,131
2,7.5,76,177
2,7.5,46,144
2,7.5,50,161
3,7.5,51,150
2,7.5,71,187
1,7.5,60,148
2,7.5,47,138
2,7.5,70,154
2,7.5,64,175
2,7.5,63,168
1,7.5,65,182
1,7.5,53,193
2,7.5,60,174
1,7.5,64,205
2,7.5,62,168
3,7.5,61,175
1,7.5,71,164
3,7.5,69,177
3,7.5,49,131
2,7.5,45,161
2,7.5,50,121
3,7.6,36,142
1,7.6,61,140
2,7.6,53,157
5,7.6,46,123
2,7.6,59,171
3,7.6,68,172
4,7.6,43,81
2,7.6,51,132
2,7.6,50,146
4,7.6,55,119
2,7.6,68,159
2,7.6,66,171
4,7.6,51,150
1,7.6,87,173
2,7.6,69,160
5,7.6,37,118
2,7.6,65,152
3,7.6,54,164
3,7.6,70,154
2,7.6,71,161
1,7.6,96,197
4,7.6,51,169
4,7.6,39,70
3,7.6,69,155
3,7.6,64,162
4,7.6,61,151
3,7.6,72,177
3,7.6,50,121
5,7.6,62,144
4,7.6,63,118
2,7.6,61,144
3,8.1,47,110
2,8.1,81,182
2,8.1,65,169
3,8.1,33,126
3,8.1,70,150
4,8.1,40,105
4,8.1,50,141
4,8.1,71,148
4,8.1,52,112
4,8.1,59,157
3,8.1,63,193
3,8.1,57,163
1,8.1,51,163
1,8.1,68,156
3,8.1,44,100
1,8.1,68,222
2,8.1,54,154
3,8.1,40,190
2,8.1,45,186
1,8.1,65,205
3,8.1,71,150
1,8.1,75,209
1,8.1,86,192
2,8.1,34,119
3,8.1,52,111
5,8.1,32,118
2,8.1,72,183
3,8.1,49,163
2,8.1,71,205
4,8.1,60,142
1,8.1,55,176
4,8.1,56,153
3,8.1,80,202
2,8.1,78,191
5,8.1,63,118
1,8.1,67,175
2,8.1,70,167
1,8.1,61,178
2,8.1,45,133
3,8.1,51,92
1,8.1,61,192
2,8.1,75,210
2,8.1,54,160
3,8.1,73,185
2,8.2,72,178
5,8.2,40,112
4,8.2,48,139
3,8.2,72,168
2,8.2,54,136
2,8.2,83,246
3,8.2,68,184
5,8.2,35,82
1,8.2,51,163
1,8.2,61,182
2,8.2,70,172
2,8.2,70,143
2,8.2,58,160
2,8.2,64,125
3,8.2,68,197
3,8.2,49,131
4,8.2,59,148
2,8.2,60,183
3,8.2,64,140
2,8.2,67,163
1,8.2,78,161
2,8.2,69,161
2,8.2,58,157
2,8.2,75,185
2,8.2,69,173
2,8.2,63,176
4,8.2,81,202
3,8.2,48,146
4,8.2,71,186
3,8.2,43,136
4,8.2,73,159
3,8.2,42,175
2,8.2,56,133
3,8.2,53,125
1,8.2,86,189
1,8.2,77,149
1,8.2,67,177
5,8.2,47,68
2,8.2,60,130
3,8.2,67,162
4,8.2,73,157
4,8.2,50,127
1,8.2,86,202
2,8.2,80,197
3,8.3,75,214
3,8.3,46,156
3,8.3,76,189
3,8.3,54,139
3,8.3,41,119
4,8.3,67,188
3,8.3,68,181
6,8.3,45,112
2,8.3,82,187
5,8.3,52,118
3,8.3,44,118
4,8.3,51,115
4,8.3,38,92
3,8.3,41,141
1,8.3,80,173
3,8.3,44,140
5,8.3,50,136
2,8.3,54,152
3,8.3,64,142
4,8.3,53,130
2,8.3,65,172
3,8.3,56,167
2,8.3,64,178
2,8.3,71,158
3,8.3,50,170
2,8.3,62,153
2,8.3,73,191
2,8.3,60,172
2,8.3,73,164
3,8.3,60,188
2,8.3,71,150
3,8.3,60,171
2,8.3,113,235
2,8.3,57,189
4,8.3,48,90
4,8.3,42,134
4,8.3,62,136
2,8.3,69,149
2,8.3,60,151
2,8.3,60,165
2,8.3,55,152
3,8.3,62,168
2,8.3,61,157
2,8.3,70,207
4,8.3,67,162
1,8.3,98,199
2,8.3,76,172
2,8.3,88,175
4,8.4,47,110
3,8.4,72,178
3,8.4,77,104
2,8.4,69,146
2,8.4,53,164
2,8.4,60,184
2,8.4,69,132
2,8.4,47,168
3,8.4,70,172
3,8.4,46,94
1,8.4,93,178
3,8.4,60,152
3,8.4,61,164
1,8.4,71,141
3,8.4,40,126
3,8.4,54,126
2,8.4,40,136
2,8.4,51,165
4,8.4,45,124
2,8.4,61,157
2,8.4,47,123
5,8.4,52,150
2,8.4,46,115
2,8.4,60,165
6,8.4,28,70
3,8.4,77,185
3,8.4,58,146
2,8.4,64,134
3,8.4,96,111
2,8.4,64,158
4,8.4,52,111
3,8.4,67,175
3,8.4,55,157
4,8.4,58,134
6,8.4,33,67
1,8.4,79,212
2,8.4,62,160
2,8.4,61,167
1,8.4,79,172
5,8.4,44,108
2,8.4,63,178
2,8.4,67,182
5,8.4,32,84
3,8.4,76,137
4,8.4,47,120
4,8.4,52,92
2,8.4,67,164
4,8.4,52,131
1,8.4,93,215
2,8.4,65,133
3,8.4,88,150
4,8.4,50,159
2,8.4,62,159
3,8.5,74,103
4,8.5,46,156
3,8.5,76,192
4,8.5,52,133
2,8.5,54,140
4,8.5,52,134
3,8.5,58,143
2,8.5,69,165
2,8.5,58,175
4,8.5,63,97
3,8.5,67,175
4,8.5,47,129
3,8.5,59,128
3,8.5,77,187
3,8.5,93,198
3,8.5,73,143
3,8.5,67,163
2,8.5,70,181
5,8.5,99,106
3,8.5,51,143
2,8.5,77,174
4,8.5,73,154
1,8.5,67,146
3,8.5,36,124
3,8.5,63,162
3,8.5,83,168
4,8.5,72,147
5,8.5,61,88
2,8.5,60,184
4,8.5,69,151
2,8.5,86,173
2,8.5,59,213
3,8.5,57,147
7,8.5,43,114
2,8.5,75,165
5,8.5,67,128
6,8.5,47,68
2,8.5,75,178
4,8.5,48,171
4,8.5,63,143
3,8.5,88,175
3,8.5,82,182
4,8.6,73,166
3,8.6,67,164
2,8.6,82,178
4,8.6,64,129
2,8.6,104,118
2,8.6,64,163
4,8.6,73,150
3,8.6,52,148
2,8.6,66,181
3,8.6,62,178
4,8.6,66,145
1,8.6,80,161
2,8.6,70,175
2,8.6,74,181
3,8.6,47,56
2,8.6,65,175
2,8.6,56,120
4,8.6,33,99
4,8.6,44,114
3,8.6,48,123
4,8.6,46,125
3,8.6,61,160
3,8.6,67,134
2,8.6,63,171
4,8.6,57,135
3,8.6,63,125
1,8.6,102,194
2,8.6,62,210
3,8.6,75,174
4,8.6,81,202
3,8.6,74,191
1,8.6,81,201
4,8.6,77,137
6,8.6,67,128
4,8.6,78,137
2,8.6,76,173
3,8.6,85,207
4,8.6,55,121
1,8.6,62,126
3,8.6,88,218
6,9.1,35,67
2,9.1,76,185
4,9.1,67,119
4,9.1,51,120
2,9.1,78,188
3,9.1,55,164
5,9.1,53,112
4,9.1,70,172
2,9.1,81,157
2,9.1,67,155
3,9.1,45,139
3,9.1,60,115
4,9.1,65,156
2,9.1,73,187
4,9.1,102,111
3,9.1,65,158
2,9.1,50,159
4,9.1,82,131
4,9.1,55,155
5,9.1,61,185
3,9.1,52,129
2,9.1,88,193
2,9.1,59,142
1,9.1,74,191
3,9.1,124,235
3,9.1,70,171
3,9.1,64,165
3,9.1,51,144
3,9.1,101,209
1,9.1,110,217
5,9.1,76,157
3,9.1,82,214
3,9.1,85,197
4,9.2,45,142
4,9.2,53,148
3,9.2,70,168
5,9.2,59,101
2,9.2,62,170
3,9.2,72,171
1,9.2,64,142
4,9.2,53,119
1,9.2,77,196
2,9.2,56,163
5,9.2,41,119
2,9.2,69,168
5,9.2,67,124
2,9.2,87,156
3,9.2,46,119
4,9.2,51,113
3,9.2,63,143
2,9.2,92,159
4,9.2,55,124
1,9.2,63,142
3,9.2,89,171
3,9.2,50,159
2,9.2,81,188
6,9.2,51,73
1,9.2,91,181
3,9.2,85,142
5,9.2,45,70
4,9.2,79,184
3,9.2,88,193
3,9.2,78,188
1,9.2,78,155
3,9.2,62,151
7,9.2,49,68
2,9.2,71,134
1,9.2,83,200
3,9.2,83,197
5,9.2,69,118
5,9.3,70,147
3,9.3,72,149
3,9.3,70,166
3,9.3,68,116
3,9.3,71,151
2,9.3,65,183
4,9.3,77,184
1,9.3,73,146
1,9.3,77,191
5,9.3,41,92
2,9.3,62,124
2,9.3,84,185
2,9.3,67,149
4,9.3,52,148
2,9.3,69,152
4,9.3,67,115
4,9.3,57,183
3,9.3,67,134
6,9.3,102,106
2,9.3,122,135
5,9.3,51,113
3,9.3,66,158
3,9.3,71,138
1,9.3,76,160
5,9.3,60,134
1,9.3,96,232
1,9.3,77,162
2,9.3,69,154
5,9.3,84,137
1,9.3,97,198
4,9.3,75,189
4,9.3,68,144
2,9.3,90,226
3,9.3,66,144
5,9.4,77,135
3,9.4,62,145
3,9.4,63,171
3,9.4,83,184
3,9.4,63,184
4,9.4,70,154
2,9.4,105,195
3,9.4,68,160
5,9.4,68,97
4,9.4,64,110
2,9.4,60,189
2,9.4,79,160
4,9.4,63,136
2,9.4,74,172
3,9.4,64,165
4,9.4,74,132
4,9.4,84,187
1,9.4,76,173
4,9.4,50,142
3,9.4,65,162
3,9.4,67,103
2,9.4,71,162
3,9.4,85,191
2,9.4,82,196
1,9.4,107,219
1,9.4,68,164
5,9.4,50,90
3,9.4,77,172
2,9.4,69,138
1,9.4,97,217
1,9.4,90,197
4,9.4,83,214
4,9.4,83,197
1,9.4,86,200
5,9.4,44,125
3,9.4,64,167
4,9.4,71,176
3,9.5,68,156
6,9.5,45,112
3,9.5,58,141
3,9.5,80,173
2,9.5,65,145
4,9.5,70,116
3,9.5,58,136
3,9.5,55,132
2,9.5,73,146
3,9.5,75,112
2,9.5,60,126
3,9.5,66,117
4,9.5,61,159
2,9.5,70,157
3,9.5,45,164
3,9.5,72,130
3,9.5,76,150
6,9.5,45,118
5,9.5,55,130
1,9.5,85,177
3,9.5,71,162
2,9.5,97,208
3,9.5,94,161
2,9.5,74,175
1,9.5,79,132
3,9.5,74,168
4,9.5,91,149
2,9.5,89,221
3,9.5,54,133
2,9.5,91,171
2,9.5,68,164
3,9.5,60,134
4,9.5,62,151
4,9.5,67,165
3,9.5,79,173
2,9.5,96,193
2,9.5,79,188
2,9.5,103,199
5,9.5,69,143
3,9.5,81,172
2,9.5,95,212
4,9.6,41,126
5,9.6,63,111
6,9.6,55,112
3,9.6,98,187
2,9.6,66,142
4,9.6,50,94
3,9.6,72,125
3,9.6,53,135
5,9.6,38,99
2,9.6,68,164
3,9.6,71,152
2,9.6,107,192
5,9.6,55,98
3,9.6,74,135
4,9.6,65,143
3,9.6,49,121
1,9.6,107,207
4,9.6,94,161
5,9.6,89,202
3,9.6,75,175
2,9.6,66,126
2,9.6,82,174
4,9.6,56,125
3,9.6,109,180
2,9.6,76,169
4,9.6,70,175
4,9.6,83,177
2,9.6,88,200
2,10.1,73,204
4,10.1,74,143
3,10.1,57,147
1,10.1,106,179
4,10.1,74,151
4,10.1,68,184
4,10.1,53,130
4,10.1,69,137
1,10.1,86,147
3,10.1,74,139
3,10.1,63,144
3,10.1,70,157
2,10.1,97,194
1,10.1,103,200
4,10.1,71,140
4,10.1,74,162
2,10.1,77,166
4,10.1,59,143
3,10.1,76,152
3,10.1,60,151
4,10.1,56,129
3,10.1,77,166
2,10.1,95,163
3,10.1,73,158
6,10.1,47,108
3,10.1,66,126
4,10.1,70,154
3,10.1,77,164
1,10.1,88,164
4,10.1,61,134
4,10.1,51,115
3,10.1,106,210
3,10.1,86,189
5,10.1,62,151
1,10.1,92,197
2,10.1,89,174
3,10.1,84,179
4,10.1,68,144
5,10.1,73,176
3,10.2,115,118
2,10.2,106,179
2,10.2,100,170
1,10.2,94,181
3,10.2,74,132
4,10.2,73,125
3,10.2,68,176
5,10.2,66,110
1,10.2,62,195
6,10.2,44,92
4,10.2,65,126
4,10.2,46,120
1,10.2,87,190
3,10.2,68,164
3,10.2,62,161
2,10.2,93,201
3,10.2,88,177
2,10.2,91,170
2,10.2,64,137
3,10.2,92,183
1,10.2,81,158
2,10.2,109,194
2,10.2,83,193
2,10.2,91,177
2,10.2,79,161
2,10.2,81,132
2,10.2,66,169
3,10.2,50,110
3,10.2,56,131
4,10.2,61,133
1,10.2,81,159
3,10.2,74,154
4,10.2,80,172
2,10.2,89,189
2,10.2,87,165
4,10.2,95,150
2,10.2,118,217
5,10.2,64,127
3,10.2,77,149
1,10.2,94,213
5,10.3,57,129
4,10.3,55,154
4,10.3,98,104
4,10.3,73,168
4,10.3,52,119
2,10.3,54,153
4,10.3,65,134
5,10.3,75,151
4,10.3,90,184
2,10.3,80,153
1,10.3,95,190
5,10.3,75,148
1,10.3,83,185
4,10.3,49,136
7,10.3,46,70
3,10.3,67,145
3,10.3,87,149
2,10.3,84,164
2,10.3,60,154
2,10.3,89,201
4,10.3,74,103
2,10.3,90,183
2,10.3,93,207
3,10.3,85,162
4,10.3,95,142
2,10.3,78,162
3,10.3,84,174
6,10.3,50,70
3,10.3,86,171
2,10.3,86,152
3,10.3,68,129
3,10.3,74,149
2,10.3,83,156
2,10.3,99,177
3,10.3,76,157
3,10.3,86,207
3,10.3,91,177
2,10.3,72,135
4,10.3,69,139
1,10.3,82,181
1,10.3,87,172
4,10.4,116,118
4,10.4,34,101
4,10.4,73,168
3,10.4,85,153
4,10.4,84,172
3,10.4,89,163
2,10.4,92,163
4,10.4,58,135
1,10.4,113,185
7,10.4,86,97
1,10.4,94,196
6,10.4,44,119
3,10.4,74,168
3,10.4,59,130
2,10.4,90,148
2,10.4,86,148
3,10.4,92,156
1,10.4,110,226
5,10.4,75,162
1,10.4,81,177
3,10.4,84,187
3,10.4,64,163
1,10.4,90,187
2,10.4,91,161
5,10.4,59,111
4,10.4,60,142
3,10.4,59,138
1,10.4,112,172
4,10.4,47,124
3,10.4,79,138
1,10.4,87,168
2,10.4,87,187
3,10.4,66,149
2,10.4,56,150
3,10.4,80,161
3,10.4,68,153
3,10.4,63,164
5,10.4,61,148
1,10.4,94,175
2,10.4,90,195
4,10.4,62,131
5,10.4,81,137
4,10.4,75,154
2,10.4,99,179
3,10.4,57,125
2,10.4,83,177
4,10.4,115,180
2,10.4,79,157
6,10.4,74,143
4,10.4,86,172
1,10.4,82,154
4,10.4,88,179
2,10.4,82,181
3,10.4,104,182
4,10.5,82,103
5,10.5,98,104
5,10.5,52,105
3,10.5,74,147
6,10.5,62,101
3,10.5,122,218
3,10.5,102,170
2,10.5,90,192
2,10.5,96,183
5,10.5,67,81
2,10.5,87,191
2,10.5,87,141
3,10.5,71,132
3,10.5,50,80
1,10.5,97,178
2,10.5,78,183
2,10.5,110,199
6,10.5,67,98
1,10.5,111,154
3,10.5,89,200
1,10.5,102,211
3,10.5,84,152
2,10.5,87,168
4,10.5,61,129
5,10.5,78,151
1,10.5,96,187
3,10.5,91,183
2,10.5,98,195
3,10.5,69,164
3,10.5,67,169
2,10.5,112,218
3,10.5,66,134
1,10.5,79,171
5,10.5,61,131
3,10.5,103,212
3,10.6,107,182
3,10.6,73,154
2,10.6,85,156
1,10.6,71,145
6,10.6,98,104
4,10.6,78,149
6,10.6,76,151
4,10.6,64,136
1,10.6,70,155
2,10.6,100,177
3,10.6,94,159
2,10.6,88,165
2,10.6,79,169
3,10.6,69,160
3,10.6,49,114
3,10.6,76,136
3,10.6,55,132
3,10.6,75,166
2,10.6,77,177
2,10.6,86,193
4,10.6,93,156
2,10.6,93,184
2,10.6,81,167
3,10.6,135,135
6,10.6,51,121
3,10.6,93,170
4,10.6,75,149
1,10.6,147,211
2,10.6,80,198
2,10.6,131,230
5,10.6,65,129
3,10.6,90,153
4,10.6,73,127
3,10.6,81,162
3,10.6,92,162
3,10.6,98,167
3,10.6,71,120
4,10.6,69,164
5,10.6,101,149
1,10.6,90,163
2,10.6,94,159
3,10.6,55,161
1,10.6,110,208
3,10.6,98,159
2,10.6,109,191
2,10.6,98,193
5,10.6,72,144
4,10.6,105,182
5,11.1,82,103
1,11.1,79,175
1,11.1,127,211
3,11.1,84,164
5,11.1,79,119
3,11.1,84,181
3,11.1,74,164
6,11.1,73,136
3,11.1,83,177
4,11.1,59,100
4,11.1,51,132
3,11.1,73,152
2,11.1,82,186
5,11.1,74,140
2,11.1,88,205
3,11.1,93,200
2,11.1,92,185
2,11.1,87,179
4,11.1,92,184
2,11.1,81,176
5,11.1,93,131
5,11.1,83,153
4,11.1,94,155
6,11.1,85,118
2,11.1,103,211
5,11.1,96,142
4,11.1,76,153
7,11.1,53,70
3,11.1,81,149
3,11.1,89,174
2,11.1,90,163
4,11.1,57,110
3,11.1,88,152
3,11.1,95,204
2,11.1,100,149
2,11.1,87,192
3,11.1,91,207
4,11.1,77,167
1,11.2,101,165
5,11.2,80,129
4,11.2,70,139
6,11.2,56,123
7,11.2,62,101
2,11.2,102,185
4,11.2,92,163
2,11.2,87,174
3,11.2,67,168
6,11.2,77,97
4,11.2,80,112
8,11.2,89,97
3,11.2,84,162
2,11.2,81,145
4,11.2,52,80
1,11.2,102,190
4,11.2,70,115
4,11.2,84,130
4,11.2,78,152
1,11.2,119,226
2,11.2,110,187
2,11.2,107,191
2,11.2,116,172
4,11.2,81,138
4,11.2,71,163
4,11.2,61,138
3,11.2,108,213
2,11.2,97,169
5,11.2,57,115
3,11.2,82,149
2,11.2,95,164
2,11.2,92,162
4,11.2,60,123
2,11.2,101,164
5,11.2,92,189
4,11.2,67,143
3,11.2,101,178
4,11.2,89,204
7,11.2,77,143
6,11.2,70,127
3,11.2,84,134
3,11.2,95,214
4,11.2,96,171
3,11.3,106,196
3,11.3,98,178
4,11.3,83,166
5,11.3,70,134
3,11.3,108,153
2,11.3,93,161
2,11.3,78,159
3,11.3,65,133
3,11.3,86,155
2,11.3,81,126
3,11.3,77,125
2,11.3,95,173
4,11.3,87,171
1,11.3,99,158
2,11.3,87,165
2,11.3,86,171
1,11.3,83,141
2,11.3,77,133
3,11.3,90,150
2,11.3,93,167
1,11.3,95,191
4,11.3,81,134
2,11.3,91,177
5,11.3,61,124
2,11.3,114,187
6,11.3,93,131
2,11.3,93,160
7,11.3,62,73
2,11.3,127,197
2,11.3,105,176
2,11.3,128,245
5,11.3,69,139
4,11.3,80,175
6,11.3,57,115
4,11.3,75,147
3,11.3,90,196
5,11.3,63,120
2,11.3,84,159
3,11.3,107,179
2,11.3,84,141
2,11.3,90,165
2,11.3,71,135
5,11.3,94,177
3,11.3,100,193
5,11.3,89,204
1,11.3,96,212
5,11.3,109,197
6,11.3,77,118
2,11.3,90,172
5,11.4,58,110
6,11.4,78,135
4,11.4,74,122
2,11.4,82,165
4,11.4,71,148
6,11.4,79,119
3,11.4,103,185
4,11.4,112,170
3,11.4,101,183
3,11.4,82,138
5,11.4,58,130
1,11.4,146,231
3,11.4,84,169
3,11.4,67,189
3,11.4,90,141
4,11.4,75,156
5,11.4,67,124
3,11.4,92,159
3,11.4,75,152
4,11.4,116,198
4,11.4,90,155
3,11.4,82,171
4,11.4,79,171
3,11.4,101,161
2,11.4,154,211
4,11.4,87,178
3,11.4,97,170
3,11.4,92,185
3,11.4,101,177
2,11.4,88,174
2,11.4,106,181
2,11.4,79,147
4,11.4,63,136
2,11.4,90,162
4,11.4,81,149
2,11.4,132,216
4,11.4,76,120
2,11.4,87,179
2,11.4,87,163
2,11.4,86,154
5,11.4,62,110
3,11.4,95,161
5,11.4,63,92
3,11.4,73,164
3,11.4,83,154
4,11.4,66,125
7,11.4,83,128
3,11.4,86,169
2,11.4,100,204
2,11.4,85,154
3,11.4,77,135
2,11.4,75,126
4,11.5,90,164
6,11.5,88,129
3,11.5,71,147
5,11.5,63,133
4,11.5,80,145
4,11.5,109,153
2,11.5,104,181
2,11.5,103,160
3,11.5,79,159
3,11.5,91,165
4,11.5,65,132
3,11.5,82,148
3,11.5,81,156
3,11.5,85,175
2,11.5,108,182
1,11.5,86,181
5,11.5,80,136
4,11.5,66,139
2,11.5,101,166
4,11.5,90,150
3,11.5,93,168
4,11.5,85,160
4,11.5,85,134
2,11.5,77,157
3,11.5,70,141
3,11.5,93,166
3,11.5,96,188
5,11.5,109,161
2,11.5,131,204
3,11.5,129,245
6,11.5,78,88
2,11.5,77,139
4,11.5,72,153
3,11.5,100,200
6,11.5,84,137
3,11.5,116,218
6,11.5,63,92
2,11.5,92,171
3,11.5,116,185
2,11.5,85,168
3,11.5,79,130
3,11.5,95,192
5,11.6,88,158
3,11.6,83,178
4,11.6,74,137
4,11.6,111,196
7,11.6,104,104
5,11.6,80,145
3,11.6,93,192
2,11.6,106,168
3,11.6,87,175
9,11.6,97,97
3,11.6,106,157
3,11.6,73,134
2,11.6,97,156
3,11.6,81,120
3,11.6,97,170
4,11.6,73,126
4,11.6,79,128
6,11.6,83,148
4,11.6,78,154
3,11.6,91,172
2,11.6,120,173
4,11.6,93,166
3,11.6,86,167
2,11.6,120,202
4,11.6,102,161
3,11.6,117,172
4,11.6,81,162
2,11.6,75,128
7,11.6,78,88
3,11.6,134,216
2,11.6,94,178
4,11.6,94,191
4,11.6,116,218
5,11.6,61,134
3,11.6,111,177
4,11.6,107,159
2,12.1,112,222
4,12.1,128,240
6,12.1,71,129
5,12.1,60,142
4,12.1,102,178
4,12.1,69,126
2,12.1,107,176
2,12.1,99,178
3,12.1,93,129
5,12.1,73,135
5,12.1,92,172
3,12.1,91,143
5,12.1,77,115
5,12.1,64,100
2,12.1,100,158
3,12.1,99,171
3,12.1,74,129
3,12.1,92,186
2,12.1,86,141
4,12.1,87,165
2,12.1,99,173
2,12.1,116,192
5,12.1,67,95
6,12.1,61,113
3,12.1,120,202
4,12.1,72,138
3,12.1,105,159
4,12.1,98,170
4,12.1,106,171
5,12.1,80,153
3,12.1,101,178
2,12.1,99,155
2,12.1,103,160
4,12.1,65,131
5,12.1,82,149
3,12.1,88,163
3,12.1,86,154
3,12.1,91,149
6,12.1,57,106
2,12.1,89,155
6,12.1,92,137
5,12.1,85,115
8,12.1,55,68
4,12.1,79,130
2,12.1,109,235
1,12.1,142,227
4,12.1,115,182
2,12.2,88,140
5,12.2,76,122
1,12.2,109,197
5,12.2,48,101
1,12.2,127,187
3,12.2,75,140
3,12.2,103,160
2,12.2,92,147
4,12.2,83,89
4,12.2,71,118
5,12.2,85,157
4,12.2,94,193
4,12.2,93,141
3,12.2,85,145
3,12.2,86,174
4,12.2,83,132
5,12.2,57,80
3,12.2,80,160
3,12.2,89,160
4,12.2,100,150
1,12.2,111,172
2,12.2,80,160
4,12.2,102,162
3,12.2,75,128
4,12.2,87,138
3,12.2,102,217
4,12.2,106,163
2,12.2,103,187
2,12.2,103,175
2,12.2,94,194
3,12.2,95,195
2,12.2,92,201
4,12.2,101,200
1,12.2,115,220
3,12.2,77,127
4,12.2,89,171
3,12.2,88,138
2,12.2,105,192
7,12.2,78,97
5,12.2,101,162
4,12.2,92,153
4,12.2,101,207
5,12.2,115,182
5,12.3,92,164
2,12.3,109,165
3,12.3,102,165
3,12.3,112,163
4,12.3,107,185
5,12.3,99,148
4,12.3,93,174
4,12.3,96,151
2,12.3,90,163
2,12.3,78,165
4,12.3,82,138
1,12.3,113,150
1,12.3,96,159
3,12.3,94,186
5,12.3,91,115
3,12.3,100,157
2,12.3,84,176
2,12.3,116,212
3,12.3,98,165
3,12.3,96,174
4,12.3,89,149
6,12.3,40,84
2,12.3,82,152
5,12.3,99,191
4,12.3,74,134
2,12.3,139,203
5,12.3,98,172
3,12.3,117,174
4,12.3,106,179
3,12.3,136,199
7,12.4,55,67
2,12.4,107,174
3,12.4,95,163
3,12.4,117,177
4,12.4,103,159
3,12.4,80,119
5,12.4,85,112
3,12.4,95,153
2,12.4,87,162
5,12.4,80,156
5,12.4,82,119
3,12.4,108,166
1,12.4,123,205
3,12.4,99,148
4,12.4,98,142
5,12.4,89,130
7,12.4,84,98
5,12.4,83,162
1,12.4,122,213
5,12.4,84,142
1,12.4,139,209
2,12.4,120,154
3,12.4,89,162
4,12.4,85,143
8,12.4,79,88
3,12.4,93,178
3,12.4,99,161
3,12.4,91,162
3,12.4,72,133
2,12.4,129,228
5,12.4,88,147
1,12.4,122,195
3,12.4,108,164
2,12.4,98,153
3,12.4,107,176
3,12.4,80,126
4,12.5,96,178
3,12.5,102,156
2,12.5,82,145
2,12.5,124,168
4,12.5,88,164
2,12.5,103,191
3,12.5,77,133
4,12.5,93,143
3,12.5,79,168
6,12.5,88,136
3,12.5,95,154
6,12.5,75,124
2,12.5,90,169
3,12.5,96,149
3,12.5,118,194
4,12.5,79,129
3,12.5,89,141
2,12.5,111,178
2,12.5,97,170
5,12.5,89,134
3,12.5,124,181
3,12.5,122,199
4,12.5,103,188
3,12.5,98,160
5,12.5,84,127
4,12.5,100,152
2,12.5,127,172
1,12.5,118,181
5,12.5,65,136
1,12.5,116,197
4,12.5,73,133
5,12.5,80,147
3,12.5,93,172
3,12.5,105,159
4,12.5,151,235
3,12.5,113,149
4,12.5,80,129
2,12.5,148,215
3,12.5,102,168
8,12.5,80,97
4,12.5,121,178
8,12.5,78,143
3,12.5,129,228
4,12.5,123,185
4,12.5,90,134
3,12.5,104,186
3,12.6,102,162
4,12.6,103,165
2,12.6,98,154
4,12.6,85,145
4,12.6,105,168
3,12.6,111,183
5,12.6,77,137
6,12.6,87,118
5,12.6,80,147
3,12.6,117,182
6,12.6,66,100
4,12.6,88,139
5,12.6,95,141
4,12.6,83,125
3,12.6,72,126
2,12.6,99,187
1,12.6,93,170
3,12.6,84,112
3,12.6,91,155
3,12.6,108,178
2,12.6,148,226
5,12.6,88,134
3,12.6,131,192
6,12.6,65,111
5,12.6,77,143
2,12.6,98,146
4,12.6,62,121
3,12.6,104,160
3,12.6,120,154
5,12.6,102,155
3,12.6,119,176
3,12.6,109,181
6,12.6,103,142
3,12.6,112,213
3,12.6,120,176
3,12.6,110,173
5,12.6,106,163
4,12.6,101,195
5,12.6,82,154
5,12.6,151,235
5,12.6,74,134
5,12.6,103,175
4,12.6,87,157
6,12.6,102,157
5,13.1,77,137
6,13.1,94,103
6,13.1,82,122
3,13.1,87,133
3,13.1,127,184
6,13.1,84,145
6,13.1,93,172
3,13.1,111,181
4,13.1,105,160
6,13.1,72,130
4,13.1,77,133
6,13.1,78,81
2,13.1,122,178
7,13.1,81,97
2,13.1,108,196
1,13.1,135,207
3,13.1,99,152
3,13.1,109,160
3,13.1,70,115
3,13.1,128,191
3,13.1,113,179
8,13.1,84,98
4,13.1,91,135
5,13.1,100,154
4,13.1,68,148
2,13.1,105,158
4,13.1,120,154
2,13.1,96,161
2,13.1,138,205
6,13.1,85,127
2,13.1,101,164
2,13.1,117,187
3,13.1,97,132
2,13.1,135,191
3,13.1,101,155
3,13.1,83,191
4,13.1,106,174
2,13.1,114,206
3,13.1,126,208
5,13.1,75,123
3,13.1,87,166
4,13.1,113,149
4,13.1,124,189
4,13.1,103,168
5,13.1,83,146
3,13.1,90,152
3,13.1,123,165
4,13.1,115,207
2,13.1,125,202
7,13.1,87,118
3,13.2,109,165
4,13.2,92,156
4,13.2,104,156
3,13.2,91,173
4,13.2,101,129
5,13.2,104,142
4,13.2,103,171
6,13.2,76,111
4,13.2,81,142
3,13.2,96,131
2,13.2,102,171
5,13.2,83,141
1,13.2,131,198
3,13.2,117,177
5,13.2,72,114
4,13.2,89,140
3,13.2,95,187
5,13.2,88,128
3,13.2,113,185
3,13.2,89,183
3,13.2,82,133
6,13.2,93,124
5,13.2,104,142
2,13.2,103,177
5,13.2,107,184
3,13.2,106,168
3,13.2,143,208
6,13.2,78,129
4,13.2,111,166
4,13.2,92,125
5,13.2,96,138
3,13.2,151,204
3,13.2,108,168
3,13.2,101,164
3,13.2,80,150
7,13.2,65,115
4,13.2,123,188
4,13.2,90,154
1,13.2,111,156
5,13.2,124,189
6,13.2,79,151
2,13.2,124,199
3,13.2,99,154
3,13.2,139,189
3,13.3,97,165
5,13.3,79,154
6,13.3,77,137
5,13.3,106,178
4,13.3,109,162
5,13.3,82,144
3,13.3,97,140
3,13.3,112,176
3,13.3,95,165
5,13.3,87,116
4,13.3,101,165
6,13.3,103,148
4,13.3,98,132
4,13.3,117,187
5,13.3,89,125
3,13.3,102,146
5,13.3,64,128
2,13.3,125,165
4,13.3,88,120
6,13.3,53,99
5,13.3,65,114
2,13.3,99,170
2,13.3,102,145
4,13.3,85,112
4,13.3,84,120
4,13.3,96,172
2,13.3,105,170
2,13.3,135,209
2,13.3,119,209
4,13.3,80,139
4,13.3,99,170
5,13.3,89,143
1,13.3,101,164
5,13.3,61,124
4,13.3,105,158
3,13.3,125,208
2,13.3,112,182
7,13.3,100,118
2,13.3,109,151
5,13.3,75,129
2,13.3,100,160
2,13.3,120,175
2,13.3,87,179
4,13.3,111,183
3,13.3,90,162
5,13.3,109,184
5,13.3,109,177
4,13.3,88,166
2,13.3,124,192
3,13.3,98,154
4,13.3,104,162
5,13.3,85,155
3,13.3,104,153
9,13.3,81,97
5,13.3,112,159
3,13.3,135,191
3,13.3,118,204
3,13.3,163,257
4,13.3,107,149
7,13.4,83,122
1,13.4,133,221
8,13.4,60,67
4,13.4,128,192
7,13.4,63,112
5,13.4,96,154
4,13.4,113,157
2,13.4,115,150
3,13.4,91,162
2,13.4,137,222
2,13.4,102,180
2,13.4,115,179
1,13.4,167,263
5,13.4,101,132
6,13.4,93,115
4,13.4,95,146
6,13.4,72,95
2,13.4,121,185
2,13.4,113,187
2,13.4,121,187
2,13.4,124,195
3,13.4,109,185
3,13.4,113,183
3,13.4,99,176
6,13.4,100,134
5,13.4,108,162
8,13.4,69,73
4,13.4,112,153
6,13.4,110,155
4,13.4,117,200
4,13.4,79,132
8,13.4,59,70
3,13.4,124,187
4,13.4,88,175
3,13.4,100,160
4,13.4,99,132
4,13.4,85,126
3,13.4,106,164
4,13.4,95,149
6,13.4,82,120
2,13.4,111,191
7,13.4,66,92
6,13.4,90,115
6,13.4,83,146
4,13.4,122,178
4,13.4,143,199
4,13.5,121,182
2,13.5,146,187
4,13.5,103,173
3,13.5,119,165
3,13.5,104,183
8,13.5,82,97
4,13.5,96,164
5,13.5,85,112
5,13.5,85,120
5,13.5,63,125
2,13.5,104,165
4,13.5,108,157
4,13.5,124,200
4,13.5,105,167
6,13.5,78,130
3,13.5,137,187
3,13.5,121,174
3,13.5,106,181
5,13.5,87,103
4,13.5,120,172
4,13.5,94,158
3,13.5,108,157
6,13.5,95,153
5,13.5,78,138
5,13.5,123,154
5,13.5,94,125
3,13.5,98,174
3,13.5,130,211
7,13.5,107,142
4,13.5,94,162
4,13.5,120,166
4,13.5,113,173
2,13.5,108,161
4,13.5,106,175
4,13.5,96,176
4,13.5,123,188
3,13.5,98,150
5,13.5,125,188
3,13.5,111,191
4,13.5,88,127
8,13.5,99,128
3,13.5,151,215
2,13.5,127,198
5,13.5,98,171
3,13.5,150,217
3,13.5,126,199
4,13.5,104,154
5,13.5,95,134
3,13.5,132,202
5,13.5,114,187
1,13.5,140,200
7,13.6,90,135
5,13.6,94,156
2,13.6,150,211
4,13.6,114,189
4,13.6,119,165
7,13.6,79,81
2,13.6,164,231
5,13.6,79,118
3,13.6,86,124
4,13.6,94,163
4,13.6,85,141
4,13.6,105,162
4,13.6,85,130
2,13.6,124,178
4,13.6,90,152
8,13.6,62,70
6,13.6,103,132
4,13.6,119,178
4,13.6,88,154
5,13.6,107,155
2,13.6,113,163
3,13.6,199,211
3,13.6,128,188
2,13.6,123,160
4,13.6,117,168
4,13.6,106,160
2,13.6,127,219
4,13.6,98,187
9,13.6,84,88
4,13.6,86,157
4,13.6,114,167
4,13.6,117,193
6,13.6,73,110
2,13.6,126,189
4,13.6,117,179
5,13.6,117,149
3,13.6,109,171
7,13.6,90,115
3,13.6,111,157
4,13.6,132,174
2,13.6,130,200
6,13.6,73,130
4,13.6,132,197
2,13.6,131,214
2,14,132,191
6,14.1,98,164
7,14.1,95,103
4,14.1,114,176
4,14.1,104,158
4,14.1,83,149
6,14.1,72,105
4,14.1,92,140
3,14.1,104,146
1,14.1,129,203
4,14.1,75,92
7,14.1,72,112
3,14.1,126,165
4,14.1,85,134
3,14.1,95,126
3,14.1,114,173
5,14.1,91,140
5,14.1,77,141
4,14.1,106,138
2,14.1,101,159
4,14.1,91,152
4,14.1,88,123
6,14.1,89,119
7,14.1,87,144
4,14.1,87,127
4,14.1,132,181
3,14.1,98,148
5,14.1,79,126
4,14.1,118,183
7,14.1,59,67
5,14.1,103,155
4,14.1,158,208
3,14.1,102,161
7,14.1,79,129
3,14.1,149,197
7,14.1,87,127
5,14.1,106,152
4,14.1,122,161
4,14.1,121,162
5,14.1,87,157
4,14.1,149,216
3,14.1,105,141
5,14.1,87,129
3,14.1,83,135
4,14.1,105,153
2,14.1,110,170
3,14.1,91,158
3,14.1,107,160
3,14.1,116,188
4,14.1,117,193
3,14.1,151,203
5,14.1,132,174
4,14.1,143,212
8,14.1,96,118
5,14.1,146,199
2,14.1,147,188
7,14.2,93,129
6,14.2,88,109
4,14.2,100,140
5,14.2,111,156
5,14.2,106,165
3,14.2,107,170
5,14.2,101,132
5,14.2,82,95
7,14.2,98,118
4,14.2,96,160
5,14.2,77,135
2,14.2,123,170
6,14.2,103,157
4,14.2,87,124
2,14.2,119,192
4,14.2,100,153
4,14.2,106,187
4,14.2,83,126
4,14.2,93,145
5,14.2,120,178
4,14.2,107,186
3,14.2,140,173
4,14.2,108,163
1,14.2,130,176
3,14.2,127,201
4,14.2,139,187
5,14.2,120,171
3,14.2,117,172
4,14.2,132,188
2,14.2,147,207
4,14.2,96,138
3,14.2,127,176
4,14.2,149,197
2,14.2,130,167
3,14.2,129,219
3,14.2,127,181
6,14.2,106,152
4,14.2,119,168
5,14.2,136,186
3,14.2,145,218
5,14.2,106,169
4,14.2,115,178
5,14.2,88,126
5,14.2,115,174
6,14.2,113,149
6,14.2,79,123
5,14.2,70,115
4,14.2,136,185
4,14.2,102,138
3,14.2,117,177
7,14.2,102,137
3,14.2,130,193
5,14.2,99,144
3,14.2,118,189
4,14.2,136,165
6,14.2,132,174
3,14.2,110,159
5,14.2,127,171
5,14.2,113,167
5,14.2,133,197
6,14.3,71,110
9,14.3,65,67
4,14.3,102,165
5,14.3,84,119
7,14.3,89,119
3,14.3,124,183
5,14.3,124,184
5,14.3,116,145
6,14.3,82,95
2,14.3,109,159
3,14.3,109,147
4,14.3,94,119
4,14.3,98,136
3,14.3,123,170
4,14.3,97,152
4,14.3,104,152
2,14.3,123,170
3,14.3,105,145
9,14.3,70,70
7,14.3,97,124
3,14.3,119,148
4,14.3,112,149
3,14.3,104,138
1,14.3,120,178
5,14.3,108,163
4,14.3,140,199
2,14.3,137,189
4,14.3,130,172
5,14.3,70,121
5,14.3,96,138
7,14.3,105,134
3,14.3,99,148
4,14.3,127,176
3,14.3,121,167
3,14.3,166,196
3,14.3,117,158
3,14.3,146,218
4,14.3,103,149
3,14.3,111,161
2,14.3,170,219
4,14.3,93,169
3,14.3,114,189
5,14.3,89,127
9,14.3,101,128
3,14.3,130,198
3,14.3,124,169
8,14.3,92,115
2,14.3,137,195
4,14.3,143,191
4,14.3,111,159
4,14.3,90,126
1,14.3,141,223
6,14.4,98,147
4,14.4,95,147
3,14.4,136,168
3,14.4,148,187
6,14.4,96,116
5,14.4,92,139
3,14.4,113,175
8,14.4,80,81
3,14.4,129,168
4,14.4,91,157
4,14.4,96,156
2,14.4,154,205
2,14.4,135,196
2,14.4,148,185
3,14.4,111,158
3,14.4,133,209
4,14.4,99,157
4,14.4,97,117
4,14.4,109,149
6,14.4,89,120
3,14.4,108,177
5,14.4,105,156
4,14.4,141,173
4,14.4,119,179
4,14.4,110,162
4,14.4,113,165
6,14.4,96,125
4,14.4,119,177
3,14.4,144,210
4,14.4,149,218
5,14.4,97,162
4,14.4,126,176
5,14.4,101,132
5,14.4,101,149
2,14.4,96,158
3,14.4,109,179
3,14.4,109,162
2,14.4,121,185
5,14.4,118,179
3,14.4,120,165
5,14.4,88,125
8,14.4,102,137
4,14.4,119,189
5,14.4,96,157
7,14.4,93,127
5,14.4,119,179
4,14.4,117,167
3,14.5,122,169
5,14.5,112,162
7,14.5,91,109
6,14.5,86,144
2,14.5,134,189
2,14.5,111,175
5,14.5,118,148
4,14.5,130,163
1,14.5,135,211
2,14.5,85,160
6,14.5,113,142
4,14.5,110,138
5,14.5,96,142
3,14.5,124,188
4,14.5,112,165
9,14.5,80,81
4,14.5,105,148
4,14.5,97,140
3,14.5,129,178
7,14.5,92,136
1,14.5,159,205
5,14.5,120,193
7,14.5,78,92
5,14.5,92,120
5,14.5,99,157
6,14.5,70,80
6,14.5,94,150
6,14.5,101,140
4,14.5,108,171
4,14.5,120,187
5,14.5,94,138
3,14.5,99,160
2,14.5,144,206
3,14.5,114,158
6,14.5,87,107
5,14.5,110,147
3,14.5,142,205
3,14.5,116,151
5,14.5,132,161
3,14.5,127,187
3,14.5,102,179
5,14.5,124,162
8,14.5,71,114
6,14.5,100,147
4,14.5,114,171
3,14.5,106,155
5,14.5,146,180
4,14.5,108,154
5,14.5,109,153
4,14.5,119,177
4,14.5,122,176
5,14.5,139,165
8,14.5,93,127
2,14.5,119,171
3,14.5,121,172
3,14.6,143,208
2,14.6,151,191
4,14.6,123,165
5,14.6,102,143
5,14.6,76,126
3,14.6,133,174
4,14.6,137,168
7,14.6,81,111
5,14.6,100,132
5,14.6,105,148
5,14.6,86,119
3,14.6,155,205
3,14.6,113,166
5,14.6,105,163
4,14.6,124,160
6,14.6,99,157
7,14.6,75,119
10,14.6,70,70
4,14.6,98,145
4,14.6,114,148
2,14.6,122,178
4,14.6,121,160
2,14.6,134,189
3,14.6,115,165
5,14.6,132,183
5,14.6,103,146
2,14.6,136,191
7,14.6,85,95
4,14.6,101,148
5,14.6,111,167
4,14.6,99,163
3,14.6,113,146
6,14.6,98,138
4,14.6,121,157
4,14.6,110,168
6,14.6,135,161
5,14.6,123,166
7,14.6,122,155
4,14.6,142,205
4,14.6,172,196
6,14.6,88,139
2,14.6,131,197
6,14.6,103,151
3,14.6,121,160
4,14.6,105,163
4,14.6,147,208
4,14.6,118,156
6,14.6,71,90
4,14.6,107,141
3,14.6,148,210
4,14.6,152,209
5,14.6,94,130
9,14.6,88,143
4,14.6,135,175
4,14.6,92,135
4,14.6,156,189
2,14.6,148,213
6,15.1,112,162
8,15.1,102,103
2,15.1,140,194
4,15.1,102,154
4,15.1,151,187
3,15.1,117,161
8,15.1,82,111
3,15.1,138,191
6,15.1,78,82
3,15.1,124,161
4,15.1,109,131
4,15.1,115,160
6,15.1,79,128
6,15.1,95,112
5,15.1,91,129
2,15.1,153,207
5,15.1,114,187
5,15.1,116,138
3,15.1,115,183
3,15.1,126,179
2,15.1,124,185
3,15.1,119,187
5,15.1,82,139
2,15.1,133,190
4,15.1,89,130
5,15.1,104,165
5,15.1,100,148
7,15.1,68,121
7,15.1,73,111
5,15.1,120,188
3,15.1,131,160
4,15.1,105,158
9,15.1,71,73
4,15.1,161,204
8,15.1,106,118
8,15.1,89,127
3,15.1,125,163
4,15.1,120,181
10,15.1,88,88
3,15.1,141,172
4,15.1,113,174
4,15.1,131,213
5,15.1,122,178
4,15.1,104,168
3,15.1,147,195
1,15.1,160,201
5,15.1,137,188
5,15.1,107,141
6,15.1,90,134
4,15.1,114,169
4,15.1,161,215
1,15.1,155,222
3,15.1,140,195
4,15.1,123,173
3,15.1,120,171
4,15.1,125,172
10,15.2,67,67
3,15.2,98,145
5,15.2,105,143
5,15.2,134,163
7,15.2,113,142
5,15.2,130,159
5,15.2,128,153
7,15.2,88,95
5,15.2,112,148
10,15.2,81,81
3,15.2,128,163
9,15.2,89,97
3,15.2,151,185
3,15.2,131,163
7,15.2,82,100
2,15.2,126,158
3,15.2,122,150
6,15.2,97,128
4,15.2,101,144
5,15.2,105,117
6,15.2,84,136
3,15.2,129,178
5,15.2,107,150
3,15.2,109,141
4,15.2,95,152
5,15.2,120,149
5,15.2,117,150
5,15.2,135,181
3,15.2,144,192
4,15.2,104,158
3,15.2,140,185
4,15.2,83,119
5,15.2,141,187
3,15.2,96,137
4,15.2,114,146
5,15.2,125,183
5,15.2,117,158
3,15.2,151,207
3,15.2,124,205
3,15.2,183,230
5,15.2,124,168
4,15.2,147,191
3,15.2,135,167
7,15.2,114,152
3,15.2,120,147
2,15.2,158,232
3,15.2,131,164
5,15.2,128,167
3,15.2,128,206
3,15.2,116,167
7,15.2,78,110
2,15.2,146,187
4,15.2,115,152
2,15.2,141,195
5,15.2,94,133
5,15.2,109,135
4,15.2,90,135
2,15.2,164,217
5,15.2,132,181
9,15.2,65,68
4,15.2,166,217
4,15.2,121,177
5,15.2,135,179
3,15.2,156,188
5,15.3,167,240
7,15.3,90,137
5,15.3,98,126
6,15.3,72,101
4,15.3,147,184
4,15.3,117,161
4,15.3,90,109
5,15.3,68,94
1,15.3,116,164
3,15.3,154,207
4,15.3,130,170
7,15.3,90,119
5,15.3,98,159
3,15.3,103,164
6,15.3,108,165
4,15.3,144,191
3,15.3,154,193
3,15.3,136,189
4,15.3,134,177
3,15.3,137,191
4,15.3,98,151
6,15.3,125,184
4,15.3,123,158
2,15.3,110,142
4,15.3,110,159
8,15.3,62,67
3,15.3,153,212
4,15.3,127,167
4,15.3,99,128
6,15.3,125,166
5,15.3,157,197
4,15.3,148,213
4,15.3,105,174
6,15.3,152,186
4,15.3,142,187
7,15.3,76,108
5,15.3,124,159
4,15.3,129,187
2,15.3,160,212
5,15.3,116,176
4,15.3,110,154
4,15.3,127,177
6,15.3,144,191
6,15.3,137,188
6,15.3,133,177
8,15.3,76,92
6,15.3,184,235
6,15.3,92,127
6,15.3,153,189
5,15.3,110,154
5,15.3,121,168
6,15.3,102,144
6,15.3,111,153
4,15.3,130,157
6,15.3,105,171
6,15.3,130,171
4,15.3,120,171
7,15.4,122,129
5,15.4,105,140
4,15.4,99,133
6,15.4,88,133
5,15.4,122,158
5,15.4,141,168
5,15.4,101,120
4,15.4,110,171
2,15.4,157,200
5,15.4,89,133
8,15.4,88,95
6,15.4,105,132
5,15.4,90,109
4,15.4,117,147
5,15.4,100,119
6,15.4,99,115
4,15.4,100,126
5,15.4,100,141
6,15.4,96,140
5,15.4,78,120
5,15.4,101,144
5,15.4,97,152
4,15.4,83,132
5,15.4,151,173
5,15.4,102,152
7,15.4,84,113
3,15.4,137,187
9,15.4,92,98
3,15.4,132,163
3,15.4,144,191
3,15.4,123,172
4,15.4,144,171
7,15.4,101,153
4,15.4,101,148
2,15.4,127,189
3,15.4,166,194
4,15.4,136,167
4,15.4,122,147
3,15.4,105,139
8,15.4,76,108
4,15.4,124,161
7,15.4,57,84
3,15.4,112,152
7,15.4,114,149
2,15.4,160,201
5,15.4,99,131
3,15.4,133,171
6,15.4,96,125
6,15.4,151,180
2,15.4,158,197
3,15.4,170,226
9,15.4,96,127
6,15.5,98,126
9,15.5,103,103
6,15.5,100,156
7,15.5,73,101
5,15.5,96,148
5,15.5,100,140
3,15.5,126,145
2,15.5,141,203
5,15.5,124,163
6,15.5,130,159
6,15.5,96,139
6,15.5,103,132
3,15.5,179,231
8,15.5,80,92
2,15.5,116,164
3,15.5,127,156
6,15.5,100,141
5,15.5,106,145
8,15.5,91,119
2,15.5,158,200
4,15.5,123,171
4,15.5,95,115
4,15.5,138,166
4,15.5,130,168
5,15.5,105,160
2,15.5,163,227
6,15.5,88,143
4,15.5,130,174
2,15.5,152,194
5,15.5,107,158
4,15.5,120,162
2,15.5,159,213
8,15.5,110,134
4,15.5,140,160
10,15.5,73,73
4,15.5,166,194
4,15.5,133,178
3,15.5,144,184
2,15.5,134,198
4,15.5,125,155
3,15.5,157,191
4,15.5,125,160
4,15.5,119,162
5,15.5,127,175
4,15.5,111,162
6,15.5,102,147
5,15.5,105,154
3,15.5,123,163
5,15.5,105,149
4,15.5,124,165
3,15.5,126,165
4,15.5,122,177
5,15.5,116,158
7,15.5,154,189
4,15.5,139,192
6,15.5,98,130
5,15.6,105,154
5,15.6,155,192
3,15.6,144,179
3,15.6,105,153
5,15.6,90,116
4,15.6,130,183
6,15.6,124,163
6,15.6,121,145
8,15.6,111,118
3,15.6,175,195
4,15.6,129,163
4,15.6,124,175
6,15.6,93,120
4,15.6,133,177
4,15.6,106,162
7,15.6,92,124
7,15.6,109,157
3,15.6,118,152
4,15.6,115,155
3,15.6,173,231
4,15.6,115,141
5,15.6,125,166
4,15.6,131,165
3,15.6,132,167
4,15.6,147,208
3,15.6,127,161
5,15.6,105,148
3,15.6,130,173
4,15.6,132,174
4,15.6,112,146
2,15.6,141,179
2,15.6,144,181
5,15.6,145,187
3,15.6,149,213
3,15.6,163,212
4,15.6,112,152
4,15.6,127,171
4,15.6,132,161
4,15.6,135,159
7,15.6,74,90
4,15.6,126,158
4,15.6,103,144
10,15.6,97,97
3,15.6,113,133
5,15.6,125,159
7,15.6,113,157
3,15.6,137,181
2,15.6,184,227
4,15.6,153,218
3,15.6,117,177
6,16.1,82,142
3,16.1,159,191
7,16.1,119,164
8,16.1,96,109
7,16.1,102,126
3,16.1,114,149
6,16.1,90,116
7,16.1,88,123
5,16.1,107,129
5,16.1,105,134
4,16.1,134,183
8,16.1,77,112
4,16.1,142,191
6,16.1,113,148
6,16.1,90,109
2,16.1,158,198
7,16.1,99,112
4,16.1,125,164
5,16.1,125,157
7,16.1,93,120
3,16.1,107,136
3,16.1,142,165
7,16.1,78,99
3,16.1,118,159
5,16.1,95,130
6,16.1,106,134
4,16.1,128,143
6,16.1,116,156
3,16.1,131,177
4,16.1,132,167
2,16.1,143,176
4,16.1,156,192
4,16.1,139,187
7,16.1,107,138
5,16.1,124,162
5,16.1,148,208
5,16.1,131,178
4,16.1,127,161
2,16.1,148,191
4,16.1,126,160
4,16.1,148,195
7,16.1,94,107
5,16.1,122,160
5,16.1,116,143
4,16.1,133,163
3,16.1,141,179
6,16.1,93,129
6,16.1,136,162
6,16.1,96,157
4,16.1,124,191
3,16.1,161,201
5,16.1,140,200
3,16.1,105,131
6,16.1,80,115
4,16.1,163,210
3,16.1,155,199
5,16.1,132,151
10,16.1,68,68
4,16.1,125,160
4,16.1,170,203
3,16.1,159,197
1,16.1,137,174
4,16.1,146,202
3,16.1,158,200
5,16.1,127,149
5,16.1,129,167
10,16.2,103,103
6,16.2,105,140
4,16.2,114,149
3,16.2,178,211
4,16.2,128,163
5,16.2,112,150
6,16.2,97,119
2,16.2,153,211
5,16.2,120,166
4,16.2,110,143
5,16.2,110,141
5,16.2,85,92
5,16.2,146,185
5,16.2,109,136
3,16.2,129,159
3,16.2,141,178
5,16.2,116,152
4,16.2,157,185
6,16.2,102,129
4,16.2,139,165
2,16.2,162,205
4,16.2,124,154
3,16.2,118,161
2,16.2,207,263
3,16.2,120,171
5,16.2,96,115
5,16.2,105,136
2,16.2,161,205
3,16.2,136,170
7,16.2,106,134
4,16.2,115,138
4,16.2,131,177
5,16.2,152,200
3,16.2,116,157
5,16.2,107,139
4,16.2,134,163
3,16.2,170,191
4,16.2,137,186
6,16.2,102,103
3,16.2,115,142
2,16.2,171,209
6,16.2,119,155
5,16.2,191,196
4,16.2,132,158
4,16.2,147,172
1,16.2,185,231
5,16.2,137,166
3,16.2,136,187
5,16.2,127,155
4,16.2,122,155
5,16.2,127,160
5,16.2,167,216
5,16.2,108,153
4,16.2,120,167
3,16.2,157,187
5,16.2,123,152
3,16.2,158,195
6,16.2,109,154
4,16.2,134,189
4,16.2,119,155
6,16.2,127,149
4,16.2,166,210
8,16.2,156,189
4,16.2,131,169
6,16.2,111,155
3,16.2,133,156
5,16.2,112,143
5,16.2,164,209
4,16.2,123,168
6,16.2,130,162
5,16.2,142,175
2,16.2,137,174
5,16.2,159,212
6,16.2,126,167
6,16.3,122,154
6,16.3,125,158
4,16.3,107,145
8,16.3,81,101
5,16.3,134,168
5,16.3,110,139
8,16.3,116,142
6,16.3,85,92
5,16.3,134,160
7,16.3,82,82
9,16.3,90,95
3,16.3,147,183
5,16.3,114,160
4,16.3,122,146
4,16.3,121,166
7,16.3,100,115
5,16.3,99,134
3,16.3,119,164
3,16.3,173,222
5,16.3,104,123
6,16.3,108,117
5,16.3,101,115
5,16.3,170,198
3,16.3,122,154
6,16.3,157,173
5,16.3,127,160
3,16.3,138,184
6,16.3,129,165
5,16.3,96,127
8,16.3,90,95
5,16.3,128,171
3,16.3,143,183
8,16.3,86,113
4,16.3,125,164
6,16.3,115,158
3,16.3,163,198
3,16.3,129,176
7,16.3,120,131
4,16.3,118,161
8,16.3,128,142
6,16.3,116,153
5,16.3,123,147
6,16.3,146,187
6,16.3,86,136
9,16.3,79,108
6,16.3,129,163
5,16.3,126,161
6,16.3,115,149
4,16.3,134,164
4,16.3,129,179
6,16.3,119,176
1,16.3,183,223
4,16.3,130,162
2,16.3,165,220
9,16.3,83,92
5,16.3,109,134
5,16.3,121,154
5,16.3,166,185
4,16.3,147,195
6,16.3,112,143
2,16.3,169,208
4,16.3,114,133
4,16.3,178,226
4,16.3,151,192
5,16.3,163,189
9,16.3,112,118
5,16.3,148,182
5,16.4,152,182
9,16.4,96,109
5,16.4,107,145
7,16.4,97,119
7,16.4,85,105
6,16.4,104,140
3,16.4,102,150
7,16.4,85,92
5,16.4,142,170
7,16.4,119,172
7,16.4,129,163
4,16.4,127,178
7,16.4,136,159
4,16.4,124,159
9,16.4,118,118
3,16.4,118,142
3,16.4,140,181
4,16.4,138,170
4,16.4,133,175
4,16.4,108,131
3,16.4,134,158
6,16.4,127,138
3,16.4,133,165
7,16.4,73,80
5,16.4,144,166
3,16.4,154,183
6,16.4,101,115
3,16.4,143,173
6,16.4,120,150
6,16.4,126,162
2,16.4,156,190
5,16.4,126,157
4,16.4,121,150
6,16.4,79,118
5,16.4,142,172
5,16.4,137,186
4,16.4,129,185
6,16.4,103,124
5,16.4,153,171
5,16.4,142,157
5,16.4,113,135
6,16.4,112,138
3,16.4,144,182
4,16.4,112,170
4,16.4,163,191
2,16.4,150,170
4,16.4,157,194
6,16.4,114,154
6,16.4,109,149
7,16.4,101,120
2,16.4,167,220
8,16.4,76,90
5,16.4,125,171
5,16.4,105,156
5,16.4,112,138
5,16.4,166,215
3,16.4,183,217
3,16.4,129,170
6,16.4,129,149
4,16.4,169,188
2,16.4,174,200
4,16.5,125,165
5,16.5,136,166
3,16.5,148,189
6,16.5,97,126
5,16.5,129,165
4,16.5,117,141
6,16.5,109,134
5,16.5,119,171
5,16.5,146,188
3,16.5,133,163
3,16.5,110,140
4,16.5,178,195
4,16.5,110,129
5,16.5,140,165
6,16.5,100,134
5,16.5,101,124
4,16.5,133,156
3,16.5,144,190
5,16.5,159,191
5,16.5,132,143
3,16.5,167,201
3,16.5,140,164
4,16.5,172,191
5,16.5,117,135
6,16.5,142,172
3,16.5,160,194
2,16.5,137,164
5,16.5,137,162
7,16.5,103,124
6,16.5,102,124
5,16.5,129,161
6,16.5,140,168
6,16.5,142,154
8,16.5,100,107
5,16.5,159,191
9,16.5,109,118
5,16.5,135,174
5,16.5,134,163
4,16.5,151,181
5,16.5,131,168
4,16.5,139,174
5,16.5,124,174
9,16.5,70,70
5,16.5,157,213
3,16.5,141,197
4,16.5,124,161
5,16.5,119,175
5,16.5,141,187
5,16.5,134,164
6,16.5,140,167
7,16.5,87,106
4,16.5,114,150
6,16.5,110,134
2,16.5,140,156
3,16.5,172,193
5,16.5,115,153
6,16.5,163,189
5,16.5,109,126
6,16.5,139,179
2,16.5,192,233
5,16.6,162,187
3,16.6,164,211
3,16.6,176,185
5,16.6,130,173
6,16.6,104,120
3,16.6,152,188
4,16.6,134,170
5,16.6,115,143
4,16.6,180,212
4,16.6,146,181
5,16.6,121,138
4,16.6,133,183
7,16.6,117,148
4,16.6,184,231
7,16.6,92,109
5,16.6,110,129
4,16.6,164,197
8,16.6,90,100
5,16.6,125,153
5,16.6,138,170
3,16.6,145,190
4,16.6,127,158
5,16.6,108,130
4,16.6,135,165
7,16.6,110,117
4,16.6,131,168
2,16.6,135,163
4,16.6,108,133
4,16.6,132,166
6,16.6,127,149
7,16.6,110,115
5,16.6,137,165
2,16.6,190,226
4,16.6,149,183
7,16.6,99,143
6,16.6,108,138
6,16.6,138,162
5,16.6,153,172
6,16.6,142,157
9,16.6,67,67
7,16.6,142,154
4,16.6,205,245
5,16.6,144,178
6,16.6,133,159
6,16.6,137,175
6,16.6,173,216
6,16.6,149,184
4,16.6,148,204
3,16.6,140,156
4,16.6,151,198
4,16.6,115,152
5,16.6,178,217
8,16.6,131,157
6,16.6,162,197
5,16.6,164,218
3,17.1,172,222
8,17.1,110,129
4,17.1,167,191
4,17.1,137,169
5,17.1,118,145
4,17.1,133,153
6,17.1,115,141
5,17.1,142,168
7,17.1,123,151
4,17.1,139,168
7,17.1,80,112
5,17.1,129,165
6,17.1,81,94
5,17.1,116,140
6,17.1,121,147
8,17.1,103,112
6,17.1,89,110
6,17.1,103,124
5,17.1,107,125
5,17.1,97,126
7,17.1,117,136
4,17.1,183,222
2,17.1,160,190
4,17.1,128,159
3,17.1,142,185
3,17.1,130,170
6,17.1,102,115
6,17.1,129,150
4,17.1,144,164
3,17.1,159,199
5,17.1,150,177
6,17.1,119,130
5,17.1,122,148
4,17.1,157,185
8,17.1,90,111
5,17.1,123,142
4,17.1,119,160
6,17.1,158,208
6,17.1,130,161
6,17.1,120,142
5,17.1,146,160
3,17.1,171,207
10,17.1,67,67
5,17.1,178,208
9,17.1,101,107
3,17.1,143,169
4,17.1,133,151
4,17.1,139,167
6,17.1,196,196
8,17.1,129,152
5,17.1,176,218
7,17.1,132,153
6,17.1,135,169
10,17.1,70,70
6,17.1,127,147
7,17.1,147,187
5,17.1,146,176
2,17.1,172,205
5,17.1,133,149
3,17.1,144,171
3,17.1,152,182
5,17.1,106,120
6,17.1,113,153
3,17.1,152,178
4,17.1,137,172
3,17.1,154,201
6,17.1,111,131
2,17.1,128,171
4,17.1,145,171
6,17.1,169,185
2,17.1,168,205
4,17.1,145,171
7,17.1,161,180
4,17.1,189,217
7,17.1,110,144
5,17.1,130,158
5,17.1,115,152
3,17.1,170,208
6,17.1,156,165
5,17.1,149,178
5,17.1,151,178
7,17.1,123,171
6,17.1,168,212
6,17.2,136,166
7,17.2,121,147
5,17.2,168,196
8,17.2,116,126
6,17.2,123,143
5,17.2,122,149
6,17.2,131,158
6,17.2,144,163
8,17.2,92,105
7,17.2,111,140
6,17.2,131,173
8,17.2,92,101
4,17.2,125,146
3,17.2,150,190
8,17.2,133,163
6,17.2,122,138
3,17.2,129,153
5,17.2,146,187
10,17.2,118,118
3,17.2,139,171
4,17.2,122,142
6,17.2,106,125
5,17.2,124,146
7,17.2,105,129
3,17.2,162,191
6,17.2,147,193
6,17.2,143,165
3,17.2,174,205
8,17.2,108,115
6,17.2,132,157
5,17.2,138,156
3,17.2,138,173
5,17.2,128,158
5,17.2,108,126
7,17.2,133,138
5,17.2,132,154
6,17.2,116,159
5,17.2,127,149
4,17.2,169,194
2,17.2,178,223
4,17.2,113,141
7,17.2,103,120
4,17.2,156,183
5,17.2,111,132
7,17.2,101,115
4,17.2,141,177
5,17.2,109,145
4,17.2,128,152
4,17.2,182,231
5,17.2,133,148
7,17.2,161,173
8,17.2,111,115
5,17.2,123,150
5,17.2,163,192
4,17.2,129,157
5,17.2,157,185
3,17.2,183,227
3,17.2,164,187
5,17.2,145,174
4,17.2,161,194
6,17.2,139,154
8,17.2,104,124
3,17.2,152,179
3,17.2,173,206
6,17.2,114,135
7,17.2,130,161
5,17.2,145,168
4,17.2,166,198
3,17.2,148,182
7,17.2,146,161
6,17.2,112,138
7,17.2,115,125
5,17.2,178,200
5,17.2,139,167
5,17.2,124,146
6,17.2,165,213
4,17.2,126,158
6,17.2,150,161
6,17.2,131,175
8,17.2,95,115
5,17.2,120,133
7,17.2,116,149
6,17.2,138,164
4,17.2,152,178
5,17.2,137,156
6,17.2,125,152
6,17.2,147,188
7,17.2,95,123
5,17.2,129,166
7,17.2,206,235
6,17.2,124,141
7,17.2,95,115
6,17.2,142,175
7,17.2,120,155
4,17.2,138,156
2,17.2,147,187
4,17.2,174,193
5,17.2,94,121
5,17.2,159,185
3,17.2,168,200
7,17.2,139,179
5,17.3,151,165
4,17.3,155,181
5,17.3,118,147
7,17.3,144,163
4,17.3,134,173
8,17.3,106,119
6,17.3,110,135
6,17.3,143,168
4,17.3,155,177
6,17.3,137,160
5,17.3,131,151
6,17.3,114,137
4,17.3,112,140
6,17.3,137,165
7,17.3,82,94
4,17.3,158,175
5,17.3,145,163
5,17.3,149,175
3,17.3,159,187
4,17.3,158,177
5,17.3,133,171
4,17.3,163,209
6,17.3,95,114
8,17.3,104,124
9,17.3,107,119
4,17.3,159,185
5,17.3,169,194
6,17.3,99,112
5,17.3,111,133
3,17.3,122,157
4,17.3,168,201
4,17.3,141,160
4,17.3,129,154
4,17.3,150,173
6,17.3,131,155
6,17.3,156,181
6,17.3,128,157
9,17.3,92,95
6,17.3,139,167
5,17.3,129,157
5,17.3,105,119
9,17.3,91,113
4,17.3,183,227
5,17.3,117,142
4,17.3,138,159
5,17.3,127,149
6,17.3,132,158
4,17.3,150,172
6,17.3,134,162
5,17.3,132,163
5,17.3,155,170
8,17.3,125,131
5,17.3,138,160
6,17.3,133,147
5,17.3,179,194
6,17.3,127,143
4,17.3,144,169
4,17.3,140,175
9,17.3,135,142
8,17.3,132,153
3,17.3,152,181
2,17.3,202,231
6,17.3,146,166
6,17.3,137,149
4,17.3,151,197
5,17.3,149,183
7,17.3,139,175
6,17.3,105,126
5,17.3,134,171
3,17.3,128,145
4,17.3,141,164
4,17.3,160,187
3,17.3,194,221
7,17.3,126,152
7,17.3,123,137
4,17.3,112,131
4,17.3,142,191
6,17.3,122,154
4,17.3,138,170
7,17.3,156,165
5,17.3,142,160
6,17.3,173,209
5,17.3,132,168
7,17.3,112,130
4,17.3,153,204
3,17.3,151,174
6,17.3,116,134
3,17.3,194,235
6,17.3,156,179
7,17.3,151,171
5,17.3,123,139
5,17.3,137,171
5,17.3,175,188
6,17.3,159,182
7,17.4,104,110
7,17.4,136,166
6,17.4,155,182
3,17.4,166,194
5,17.4,150,178
6,17.4,122,154
4,17.4,150,189
3,17.4,149,175
5,17.4,143,176
6,17.4,171,192
6,17.4,142,168
6,17.4,156,168
6,17.4,118,139
7,17.4,128,145
9,17.4,112,119
6,17.4,118,129
7,17.4,105,116
4,17.4,193,218
4,17.4,149,181
8,17.4,140,159
7,17.4,115,132
5,17.4,144,184
10,17.4,95,95
5,17.4,119,151
5,17.4,123,142
7,17.4,100,128
5,17.4,173,197
9,17.4,110,115
4,17.4,142,163
5,17.4,109,126
6,17.4,138,156
6,17.4,114,123
8,17.4,111,117
6,17.4,169,194
5,17.4,117,132
4,17.4,142,161
3,17.4,183,223
4,17.4,123,141
5,17.4,130,154
3,17.4,182,209
4,17.4,162,191
3,17.4,199,226
4,17.4,180,201
10,17.4,98,98
4,17.4,114,137
7,17.4,115,135
5,17.4,146,158
6,17.4,155,170
4,17.4,153,172
4,17.4,153,176
9,17.4,125,131
7,17.4,129,155
5,17.4,131,161
6,17.4,165,202
5,17.4,150,153
3,17.4,168,193
7,17.4,160,186
3,17.4,122,158
5,17.4,107,125
3,17.4,121,142
5,17.4,145,159
5,17.4,160,187
6,17.4,117,133
3,17.4,148,171
4,17.4,143,164
5,17.4,149,165
9,17.4,108,115
7,17.4,126,153
7,17.4,122,143
8,17.4,156,165
6,17.4,152,178
5,17.4,141,157
6,17.4,153,178
5,17.4,198,226
5,17.4,175,214
4,17.4,169,200
6,17.4,103,125
3,17.4,177,200
7,17.5,139,158
8,17.5,122,122
3,17.5,117,160
7,17.5,114,134
8,17.5,125,151
6,17.5,134,154
6,17.5,111,133
8,17.5,98,109
5,17.5,132,157
3,17.5,136,165
6,17.5,124,160
4,17.5,186,205
7,17.5,134,157
7,17.5,104,134
9,17.5,89,92
4,17.5,164,182
4,17.5,158,173
6,17.5,134,171
4,17.5,117,136
7,17.5,113,128
5,17.5,109,126
8,17.5,133,138
7,17.5,96,114
5,17.5,138,165
7,17.5,115,123
8,17.5,114,144
8,17.5,77,80
4,17.5,134,170
6,17.5,151,166
6,17.5,125,148
6,17.5,184,198
5,17.5,151,164
7,17.5,121,130
4,17.5,139,152
3,17.5,174,189
7,17.5,143,162
4,17.5,155,175
5,17.5,114,137
5,17.5,135,146
4,17.5,174,206
5,17.5,154,172
6,17.5,160,172
6,17.5,151,188
5,17.5,157,188
4,17.5,150,182
8,17.5,148,161
5,17.5,146,167
8,17.5,142,155
5,17.5,218,245
6,17.5,134,174
6,17.5,156,185
4,17.5,151,171
6,17.5,137,160
7,17.5,119,147
4,17.5,177,195
3,17.5,201,228
4,17.5,145,164
6,17.5,136,171
3,17.5,144,162
4,17.5,173,201
7,17.5,113,131
3,17.5,134,171
9,17.5,162,189
5,17.5,140,156
1,17.5,182,202
5,17.5,168,191
5,17.5,142,159
6,17.5,131,144
6,17.5,114,126
10,17.5,118,118
8,17.6,105,110
4,17.6,186,214
3,17.6,167,187
9,17.6,122,122
5,17.6,119,133
6,17.6,156,178
6,17.6,123,147
7,17.6,172,192
6,17.6,125,150
6,17.6,139,148
3,17.6,153,178
7,17.6,111,120
6,17.6,122,134
8,17.6,109,116
5,17.6,191,212
7,17.6,112,135
7,17.6,128,148
5,17.6,143,174
7,17.6,128,145
8,17.6,82,82
4,17.6,147,161
4,17.6,144,159
5,17.6,186,205
6,17.6,110,119
4,17.6,118,133
9,17.6,104,112
5,17.6,123,138
8,17.6,104,134
5,17.6,125,152
5,17.6,118,139
6,17.6,114,130
6,17.6,135,154
5,17.6,122,152
8,17.6,115,123
4,17.6,146,159
5,17.6,135,170
6,17.6,113,132
3,17.6,144,163
4,17.6,179,193
4,17.6,129,157
5,17.6,169,201
9,17.6,115,115
6,17.6,145,163
4,17.6,170,199
6,17.6,123,146
3,17.6,174,190
2,17.6,154,172
7,17.6,145,167
5,17.6,180,199
7,17.6,115,138
4,17.6,171,191
4,17.6,152,181
7,17.6,156,170
4,17.6,127,142
5,17.6,137,151
6,17.6,141,167
5,17.6,147,158
4,17.6,177,210
5,17.6,125,170
7,17.6,97,136
7,17.6,138,149
6,17.6,133,155
6,17.6,149,174
5,17.6,146,164
2,17.6,194,223
3,17.6,162,185
4,17.6,201,221
7,17.6,118,133
5,17.6,139,171
5,17.6,161,195
5,17.6,175,193
2,17.6,195,223
6,17.6,147,176
5,17.6,148,172
3,18.1,175,204
5,18.1,148,165
5,18.1,123,139
8,18.1,133,145
8,18.1,111,120
4,18.1,160,190
5,18.1,159,181
6,18.1,133,151
9,18.1,82,82
5,18.1,183,195
8,18.1,83,94
5,18.1,121,143
5,18.1,119,136
6,18.1,148,163
4,18.1,165,178
2,18.1,188,205
5,18.1,113,131
4,18.1,195,207
6,18.1,128,141
4,18.1,134,150
8,18.1,126,136
7,18.1,125,140
6,18.1,122,141
9,18.1,115,123
9,18.1,112,117
5,18.1,145,171
9,18.1,78,80
6,18.1,111,130
5,18.1,125,141
7,18.1,126,132
5,18.1,129,157
6,18.1,136,148
3,18.1,169,205
6,18.1,129,142
6,18.1,155,164
5,18.1,146,160
10,18.1,115,115
3,18.1,211,226
5,18.1,166,191
7,18.1,102,118
6,18.1,110,119
4,18.1,170,187
5,18.1,177,191
5,18.1,133,160
7,18.1,92,118
6,18.1,106,126
5,18.1,171,191
5,18.1,152,181
6,18.1,144,178
6,18.1,147,158
5,18.1,127,142
6,18.1,153,168
3,18.1,170,191
7,18.1,119,138
5,18.1,125,158
5,18.1,126,138
5,18.1,118,128
5,18.1,154,176
5,18.1,178,213
6,18.1,141,160
5,18.1,153,167
6,18.1,134,146
5,18.1,161,172
7,18.1,138,174
7,18.1,137,160
6,18.1,151,183
7,18.1,151,162
5,18.1,134,154
8,18.1,96,110
5,18.1,165,195
5,18.1,175,201
4,18.1,132,145
8,18.1,110,120
8,18.1,98,123
7,18.1,175,185
6,18.1,109,129
9,18.1,137,137
5,18.1,144,169
6,18.1,162,195
5,18.1,155,173
6,18.1,146,160
6,18.1,146,157
6,18.1,165,172
6,18.1,136,153
4,18.1,201,228
5,18.1,172,207
6,18.1,185,199
7,18.2,159,182
8,18.2,127,147
5,18.2,179,191
5,18.2,145,169
6,18.2,164,165
7,18.2,129,143
4,18.2,199,211
4,18.2,164,174
6,18.2,118,145
5,18.2,172,184
7,18.2,118,129
6,18.2,192,212
7,18.2,146,168
5,18.2,162,177
7,18.2,123,139
6,18.2,117,142
5,18.2,142,160
6,18.2,123,141
5,18.2,161,175
5,18.2,165,178
6,18.2,105,135
7,18.2,131,147
3,18.2,188,205
5,18.2,132,166
6,18.2,127,138
5,18.2,195,207
3,18.2,156,170
9,18.2,134,138
8,18.2,98,114
7,18.2,114,136
7,18.2,106,115
4,18.2,145,163
8,18.2,126,132
3,18.2,149,172
8,18.2,168,173
6,18.2,152,166
4,18.2,188,209
7,18.2,168,181
10,18.2,95,95
2,18.2,165,189
6,18.2,125,139
7,18.2,145,154
6,18.2,93,121
7,18.2,120,124
7,18.2,146,184
4,18.2,166,205
4,18.2,170,191
3,18.2,169,187
6,18.2,149,167
4,18.2,175,217
7,18.2,141,160
5,18.2,178,210
8,18.2,170,186
7,18.2,107,129
7,18.2,126,151
6,18.2,161,178
4,18.2,197,212
6,18.2,140,149
7,18.2,178,216
7,18.2,110,126
6,18.2,113,120
6,18.2,135,154
4,18.2,179,196
5,18.2,150,164
7,18.2,128,147
3,18.2,142,159
4,18.2,146,164
7,18.2,117,134
6,18.2,142,154
7,18.2,115,134
8,18.2,103,115
4,18.2,150,156
5,18.2,189,210
10,18.2,137,137
4,18.2,183,193
5,18.2,135,165
8,18.2,129,143
6,18.2,155,173
5,18.2,157,177
3,18.2,159,192
4,18.2,187,208
6,18.2,149,159
6,18.2,143,159
7,18.2,146,157
7,18.2,134,144
4,18.2,239,257
6,18.2,154,167
3,18.2,195,223
9,18.3,110,110
7,18.3,164,165
6,18.3,155,178
7,18.3,136,162
9,18.3,124,126
7,18.3,126,140
7,18.3,129,147
6,18.3,135,156
4,18.3,133,147
6,18.3,135,143
7,18.3,139,148
8,18.3,118,129
4,18.3,141,145
6,18.3,149,165
6,18.3,163,181
9,18.3,145,159
9,18.3,105,111
10,18.3,82,82
4,18.3,169,181
5,18.3,139,147
7,18.3,115,125
3,18.3,179,196
6,18.3,133,146
10,18.3,97,97
7,18.3,151,165
5,18.3,166,182
5,18.3,152,163
6,18.3,113,126
9,18.3,100,100
5,18.3,162,173
6,18.3,115,126
7,18.3,123,141
4,18.3,166,186
2,18.3,158,174
6,18.3,144,170
3,18.3,166,178
6,18.3,125,136
4,18.3,153,170
7,18.3,137,148
7,18.3,152,166
7,18.3,154,165
5,18.3,188,209
3,18.3,162,176
6,18.3,139,148
8,18.3,118,138
6,18.3,137,146
9,18.3,114,124
7,18.3,145,158
6,18.3,145,162
6,18.3,189,208
5,18.3,180,195
6,18.3,119,128
6,18.3,185,194
7,18.3,129,138
6,18.3,193,200
4,18.3,160,179
6,18.3,162,176
5,18.3,144,175
4,18.3,163,187
4,18.3,163,182
4,18.3,145,179
5,18.3,147,162
5,18.3,180,195
8,18.3,136,149
3,18.3,178,189
7,18.3,163,188
4,18.3,161,165
5,18.3,117,135
7,18.3,153,175
8,18.3,144,153
5,18.3,150,170
4,18.3,161,188
7,18.3,163,178
5,18.3,165,193
5,18.3,187,203
6,18.3,104,121
4,18.3,175,199
7,18.3,166,172
7,18.3,126,130
6,18.3,127,139
2,18.3,192,214
7,18.3,159,176
10,18.4,110,110
7,18.4,123,142
7,18.4,124,144
7,18.4,119,145
5,18.4,134,147
7,18.4,159,168
7,18.4,161,168
8,18.4,151,163
6,18.4,155,166
5,18.4,163,171
3,18.4,182,200
5,18.4,152,161
4,18.4,156,168
7,18.4,127,132
6,18.4,145,157
6,18.4,139,147
7,18.4,114,119
6,18.4,124,136
5,18.4,156,170
5,18.4,152,164
7,18.4,127,138
7,18.4,100,110
6,18.4,177,197
2,18.4,183,195
6,18.4,152,163
7,18.4,148,156
2,18.4,175,190
10,18.4,100,100
5,18.4,142,160
3,18.4,169,180
9,18.4,124,124
4,18.4,136,145
6,18.4,135,152
8,18.4,108,115
7,18.4,133,148
3,18.4,185,205
5,18.4,156,177
6,18.4,127,141
9,18.4,126,132
6,18.4,103,125
4,18.4,183,205
7,18.4,158,164
4,18.4,177,195
7,18.4,147,163
5,18.4,163,173
8,18.4,104,118
3,18.4,159,180
8,18.4,96,121
5,18.4,143,163
6,18.4,128,142
4,18.4,180,189
6,18.4,174,186
8,18.4,145,158
7,18.4,174,208
4,18.4,190,207
5,18.4,140,159
6,18.4,174,188
7,18.4,136,147
6,18.4,158,167
10,18.4,118,118
7,18.4,170,185
5,18.4,198,212
3,18.4,163,170
8,18.4,125,147
7,18.4,140,149
7,18.4,114,120
5,18.4,131,150
5,18.4,122,131
9,18.4,82,90
6,18.4,123,135
6,18.4,156,165
5,18.4,161,165
7,18.4,111,129
5,18.4,163,172
6,18.4,150,169
8,18.4,121,144
3,18.4,176,195
5,18.4,160,176
7,18.4,148,162
8,18.4,166,172
6,18.4,150,159
7,18.4,117,126
7,18.4,140,149
5,18.5,152,165
4,18.5,175,187
7,18.5,126,154
4,18.5,163,175
6,18.5,134,147
6,18.5,175,187
6,18.5,131,148
7,18.5,113,116
5,18.5,205,218
6,18.5,161,170
6,18.5,124,136
8,18.5,138,148
5,18.5,163,184
7,18.5,156,165
4,18.5,172,178
7,18.5,124,136
8,18.5,110,128
4,18.5,142,164
3,18.5,142,146
6,18.5,112,120
6,18.5,118,126
5,18.5,122,132
5,18.5,148,162
6,18.5,116,126
4,18.5,161,165
10,18.5,124,124
3,18.5,251,263
3,18.5,164,174
8,18.5,110,115
3,18.5,133,157
8,18.5,155,166
8,18.5,160,165
6,18.5,192,209
8,18.5,126,130
6,18.5,184,200
6,18.5,124,134
5,18.5,164,187
4,18.5,191,202
9,18.5,99,111
6,18.5,135,142
8,18.5,151,154
6,18.5,174,191
7,18.5,147,162
5,18.5,163,172
8,18.5,144,153
7,18.5,162,168
8,18.5,153,154
4,18.5,168,173
6,18.5,144,161
10,18.5,107,107
8,18.5,136,147
9,18.5,153,155
6,18.5,190,197
6,18.5,185,191
7,18.5,158,167
6,18.5,143,151
7,18.5,143,167
9,18.5,150,153
7,18.5,152,166
3,18.5,185,205
7,18.5,146,159
8,18.5,156,162
4,18.5,179,195
8,18.5,129,137
4,18.5,158,171
8,18.5,178,185
10,18.5,128,128
5,18.5,184,193
5,18.5,154,162
3,18.5,201,216
5,18.5,198,217
5,18.5,169,189
6,18.5,157,177
6,18.5,172,185
4,18.5,178,186
8,18.5,162,176
4,18.5,186,200
6,18.5,155,172
7,18.5,168,182
8,18.6,149,166
4,18.6,194,208
8,18.6,169,182
10,18.6,109,109
5,18.6,141,156
8,18.6,98,112
6,18.6,157,165
4,18.6,165,179
6,18.6,174,184
5,18.6,139,149
6,18.6,130,139
5,18.6,145,153
9,18.6,132,142
7,18.6,124,136
9,18.6,150,163
7,18.6,155,160
6,18.6,139,151
8,18.6,156,165
6,18.6,140,148
6,18.6,135,140
5,18.6,134,156
7,18.6,155,163
4,18.6,198,205
10,18.6,115,115
4,18.6,147,155
3,18.6,180,186
5,18.6,141,150
6,18.6,169,173
8,18.6,126,141
8,18.6,125,128
5,18.6,161,165
4,18.6,149,161
6,18.6,131,149
9,18.6,127,144
6,18.6,149,171
5,18.6,155,161
5,18.6,137,145
7,18.6,142,150
7,18.6,129,136
5,18.6,174,183
5,18.6,149,163
6,18.6,162,177
7,18.6,127,141
4,18.6,161,172
5,18.6,149,155
6,18.6,139,143
4,18.6,172,190
9,18.6,171,173
6,18.6,164,173
4,18.6,218,226
4,18.6,149,164
7,18.6,146,155
6,18.6,153,171
6,18.6,143,152
7,18.6,122,130
5,18.6,167,185
6,18.6,138,149
7,18.6,138,146
6,18.6,160,172
7,18.6,132,142
9,18.6,144,153
6,18.6,142,148
8,18.6,122,125
5,18.6,191,205
7,18.6,143,146
10,18.6,142,142
4,18.6,149,164
8,18.6,142,149
5,18.6,164,182
6,18.6,150,161
3,18.6,167,175
7,18.6,127,157
7,18.6,181,184
7,18.6,162,167
5,18.6,145,152
5,18.6,152,167
3,18.6,161,175
5,18.6,153,161
5,18.6,138,145
8,18.6,136,147
3,18.6,201,220
7,18.6,170,177
4,18.6,145,159
3,18.6,209,220
6,18.6,143,166
10,18.6,92,92
6,18.6,126,138
5,18.6,159,177
6,18.6,185,193
8,18.6,176,180
4,18.6,201,216
6,18.6,151,151
2,18.6,202,222
7,18.6,157,173
6,18.6,164,177
9,18.6,164,165
5,18.6,146,150
6,18.6,192,204
7,18.6,108,121
9,18.6,166,172
6,18.6,167,175
5,18.6,166,177
4,18.6,163,174
6,18.6,197,214
5,18.6,185,200
6,18.6,173,182
5,18.6,186,200
3,18.6,214,233
6,19,211,212
6,19,124,125
7,19,180,189
8,19.1,154,164
5,19.1,176,187
8,19.1,130,140
6,19.1,129,133
6,19.1,162,176
5,19.1,148,163
8,19.1,162,168
6,19.1,139,149
9,19.1,136,145
6,19.1,137,145
8,19.1,114,116
7,19.1,150,173
5,19.1,142,145
7,19.1,155,165
6,19.1,134,143
8,19.1,91,92
9,19.1,135,151
8,19.1,125,136
4,19.1,171,183
7,19.1,132,138
8,19.1,155,160
7,19.1,126,133
7,19.1,130,137
8,19.1,102,112
4,19.1,176,183
6,19.1,190,195
6,19.1,151,160
4,19.1,157,165
8,19.1,116,119
5,19.1,198,205
6,19.1,149,163
4,19.1,180,186
4,19.1,154,158
6,19.1,147,160
2,19.1,168,181
6,19.1,146,153
7,19.1,125,130
5,19.1,189,209
8,19.1,150,157
10,19.1,80,80
6,19.1,155,161
6,19.1,174,183
7,19.1,121,130
8,19.1,135,148
8,19.1,120,124
7,19.1,164,173
5,19.1,163,177
9,19.1,160,165
6,19.1,175,191
9,19.1,127,130
7,19.1,149,157
5,19.1,149,152
5,19.1,162,170
5,19.1,190,194
7,19.1,160,172
6,19.1,164,171
7,19.1,153,158
6,19.1,167,171
7,19.1,192,208
6,19.1,132,138
9,19.1,154,154
7,19.1,187,194
7,19.1,140,143
6,19.1,191,205
6,19.1,152,158
5,19.1,161,187
6,19.1,168,172
4,19.1,167,184
8,19.1,172,187
8,19.1,153,166
4,19.1,135,150
6,19.1,164,182
5,19.1,152,161
7,19.1,151,163
6,19.1,202,212
5,19.1,151,162
9,19.1,156,162
4,19.1,221,228
6,19.1,152,167
6,19.1,158,159
7,19.1,136,149
8,19.1,101,106
8,19.1,174,188
9,19.1,114,120
8,19.1,170,177
8,19.1,230,235
7,19.1,120,127
5,19.1,132,136
4,19.1,138,161
8,19.1,158,175
6,19.1,151,156
3,19.1,174,187
6,19.1,155,158
6,19.1,146,150
8,19.1,154,157
6,19.1,203,217
8,19.1,109,121
4,19.1,185,200
7,19.1,134,139
4,19.1,172,181
6,19.1,186,188
8,19.2,129,142
9,19.2,170,182
8,19.2,131,135
6,19.2,190,196
8,19.2,164,165
8,19.2,157,162
10,19.2,126,126
2,19.2,213,221
7,19.2,175,178
7,19.2,119,133
9,19.2,99,101
9,19.2,162,168
8,19.2,163,168
5,19.2,135,141
4,19.2,203,211
3,19.2,147,154
9,19.2,103,105
4,19.2,152,160
5,19.2,140,146
6,19.2,177,185
7,19.2,163,170
2,19.2,152,155
5,19.2,163,183
6,19.2,174,177
4,19.2,166,177
3,19.2,235,246
6,19.2,149,153
4,19.2,138,153
4,19.2,168,175
4,19.2,161,164
6,19.2,134,143
6,19.2,198,205
8,19.2,157,163
8,19.2,127,136
6,19.2,166,175
6,19.2,198,205
5,19.2,148,155
10,19.2,92,92
7,19.2,121,126
3,19.2,182,190
6,19.2,122,125
4,19.2,162,170
8,19.2,93,99
6,19.2,137,144
7,19.2,149,154
4,19.2,180,185
7,19.2,187,194
3,19.2,190,200
4,19.2,166,174
5,19.2,189,193
5,19.2,162,172
8,19.2,125,134
7,19.2,189,198
5,19.2,196,205
5,19.2,138,141
6,19.2,150,154
3,19.2,198,209
7,19.2,145,146
4,19.2,170,176
8,19.2,149,157
6,19.2,136,150
5,19.2,191,202
6,19.2,149,152
6,19.2,133,135
6,19.2,139,143
7,19.2,182,186
5,19.2,149,159
6,19.2,135,137
7,19.2,166,172
7,19.2,167,171
10,19.2,154,154
9,19.2,123,125
10,19.2,155,155
7,19.2,200,200
7,19.2,186,191
7,19.2,192,205
8,19.2,144,146
6,19.2,230,245
6,19.2,210,218
8,19.2,115,129
7,19.2,171,178
5,19.2,175,187
5,19.2,169,171
4,19.2,166,170
8,19.2,163,167
6,19.2,146,152
5,19.2,173,177
7,19.2,184,191
5,19.2,167,172
5,19.2,188,208
4,19.2,138,142
6,19.2,149,156
7,19.2,158,159
5,19.2,220,221
9,19.2,170,177
8,19.2,133,133
5,19.2,157,164
8,19.2,122,127
5,19.2,149,155
4,19.2,161,164
7,19.2,146,149
6,19.2,144,156
6,19.2,162,165
8,19.2,122,129
5,19.2,154,156
5,19.2,207,210
6,19.2,203,210
5,19.2,168,171
7,19.2,151,151
7,19.2,151,156
7,19.2,145,146
2,19.2,192,202
5,19.2,203,208
7,19.2,206,209
5,19.2,132,135
8,19.2,184,189
8,19.2,139,144
8,19.2,121,126
7,19.2,125,125
8,19.2,168,171
7,19.2,164,167
7,19.2,186,188
8,19.3,131,137
4,19.3,190,204
7,19.3,154,156
8,19.3,142,147
7,19.3,163,176
8,19.3,190,192
7,19.3,145,149
9,19.3,128,129
9,19.3,116,120
4,19.3,139,147
7,19.3,131,134
9,19.3,99,101
6,19.3,151,153
3,19.3,194,203
6,19.3,214,218
6,19.3,168,171
7,19.3,174,177
7,19.3,152,154
8,19.3,134,138
9,19.3,155,160
8,19.3,133,139
8,19.3,126,132
5,19.3,157,168
8,19.3,134,137
6,19.3,127,129
8,19.3,122,125
6,19.3,113,118
8,19.3,128,129
4,19.3,180,191
8,19.3,136,138
8,19.3,154,165
8,19.3,108,110
5,19.3,155,158
7,19.3,152,153
6,19.3,156,158
6,19.3,164,165
8,19.3,127,130
8,19.3,149,154
3,19.3,164,169
6,19.3,126,132
7,19.3,109,112
3,19.3,162,170
7,19.3,164,166
7,19.3,127,132
9,19.3,135,148
5,19.3,145,152
5,19.3,165,168
5,19.3,141,152
5,19.3,163,170
7,19.3,139,142
7,19.3,154,156
10,19.3,173,173
6,19.3,155,160
5,19.3,225,226
7,19.3,160,162
4,19.3,198,209
9,19.3,165,166
4,19.3,187,190
3,19.3,166,172
5,19.3,169,183
4,19.3,177,180
7,19.3,138,139
5,19.3,157,161
7,19.3,133,135
2,19.3,182,185
3,19.3,188,195
9,19.3,153,154
8,19.3,122,124
9,19.3,156,158
7,19.3,158,162
7,19.3,157,157
8,19.3,167,171
6,19.3,146,159
4,19.3,184,187
8,19.3,135,142
10,19.3,131,131
8,19.3,152,155
7,19.3,147,148
6,19.3,142,158
8,19.3,193,205
4,19.3,202,219
7,19.3,153,158
7,19.3,152,155
6,19.3,169,171
5,19.3,158,168
8,19.3,150,159
5,19.3,187,191
8,19.3,147,160
9,19.3,137,147
8,19.3,145,149
4,19.3,162,163
6,19.3,139,145
8,19.3,150,152
6,19.3,128,134
6,19.3,149,155
8,19.3,146,149
7,19.3,118,125
7,19.3,203,210
7,19.3,188,193
7,19.3,147,154
6,19.3,203,208
5,19.3,130,133
7,19.3,154,159
7,19.3,151,159
6,19.3,154,157
7,19.3,154,159
5,19.3,149,154
9,19.3,184,189
5,19.3,194,202
9,19.3,121,126
9,19.3,168,171
8,19.3,186,188
3,19.3,212,214
7,19.4,192,196
9,19.4,165,165
7,19.4,124,126
7,19.4,150,156
5,19.4,173,174
7,19.4,146,147
9,19.4,191,192
8,19.4,125,133
10,19.4,101,101
5,19.4,159,164
9,19.4,162,163
9,19.4,115,116
10,19.4,129,129
6,19.4,144,145
5,19.4,158,160
9,19.4,114,116
8,19.4,159,165
9,19.4,92,92
9,19.4,147,148
8,19.4,175,177
4,19.4,241,246
6,19.4,172,184
10,19.4,111,111
7,19.4,137,142
2,19.4,177,182
4,19.4,169,171
7,19.4,127,129
5,19.4,179,181
6,19.4,117,119
7,19.4,135,143
5,19.4,162,165
4,19.4,164,169
9,19.4,122,125
4,19.4,164,176
6,19.4,168,170
5,19.4,131,133
4,19.4,199,205
6,19.4,166,166
7,19.4,199,205
9,19.4,128,134
4,19.4,179,187
3,19.4,186,192
8,19.4,119,120
5,19.4,176,177
8,19.4,152,153
7,19.4,164,165
9,19.4,152,157
10,19.4,117,117
4,19.4,262,263
5,19.4,158,159
5,19.4,159,164
4,19.4,170,178
6,19.4,143,145
9,19.4,112,115
5,19.4,167,172
6,19.4,130,133
9,19.4,113,115
5,19.4,157,166
6,19.4,150,155
6,19.4,163,170
5,19.4,181,187
9,19.4,129,134
8,19.4,193,198
5,19.4,186,190
8,19.4,147,148
7,19.4,155,160
8,19.4,166,173
5,19.4,161,164
6,19.4,181,183
8,19.4,154,155
8,19.4,177,181
5,19.4,181,187
6,19.4,188,192
7,19.4,147,148
6,19.4,185,187
6,19.4,157,161
6,19.4,169,170
3,19.4,182,185
8,19.4,115,118
3,19.4,176,177
7,19.4,136,137
4,19.4,173,179
8,19.4,155,158
6,19.4,170,172
6,19.4,158,160
9,19.4,133,134
6,19.4,162,162
9,19.4,161,161
8,19.4,147,148
5,19.4,170,173
7,19.4,195,197
5,19.4,170,174
5,19.4,128,132
5,19.4,161,169
6,19.4,164,174
4,19.4,174,176
7,19.4,172,172
10,19.4,153,153
7,19.4,164,169
4,19.4,213,218
7,19.4,175,176
9,19.4,156,166
5,19.4,167,170
6,19.4,160,162
7,19.4,161,162
8,19.4,141,149
8,19.4,183,184
7,19.4,150,152
4,19.4,160,162
4,19.4,184,185
6,19.4,157,161
8,19.4,158,159
9,19.4,150,152
9,19.4,180,188
9,19.4,135,137
10,19.4,120,120
9,19.4,121,123
9,19.4,230,235
6,19.4,163,164
6,19.4,166,171
5,19.4,162,164
8,19.4,133,134
7,19.4,134,138
6,19.4,156,158
6,19.4,161,162
5,19.4,197,198
4,19.4,198,199
8,19.4,151,151
6,19.4,168,168
8,19.4,146,146
6,19.4,175,176
8,19.4,207,209
7,19.4,154,157
8,19.4,130,130
7,19.4,215,217
8,19.4,158,162
4,19.4,196,197
7,19.4,198,204
10,19.4,172,172
7,19.4,152,153
8,19.4,154,159
6,19.4,175,177
6,19.4,224,226
7,19.4,209,214
4,19.4,232,235
9,19.4,139,144
5,19.4,251,257
7,19.4,205,212
8,19.4,137,139
6,19.4,140,144
5,19.5,206,208
9,19.5,145,147
4,19.5,178,178
6,19.5,163,169
8,19.5,139,143
4,19.5,190,194
8,19.5,124,126
6,19.5,173,174
7,19.5,161,165
5,19.5,188,189
6,19.5,165,165
7,19.5,142,143
8,19.5,147,148
7,19.5,164,166
7,19.5,153,153
10,19.5,92,92
5,19.5,179,183
5,19.5,180,181
5,19.5,241,246
10,19.5,159,159
8,19.5,154,154
3,19.5,173,174
9,19.5,130,132
8,19.5,147,148
9,19.5,108,109
7,19.5,145,148
5,19.5,158,159
8,19.5,135,136
6,19.5,177,178
2,19.5,231,232
5,19.5,199,205
10,19.5,112,112
7,19.5,157,157
8,19.5,199,205
8,19.5,156,157
6,19.5,178,182
8,19.5,154,156
6,19.5,148,152
7,19.5,173,173
4,19.5,189,190
7,19.5,119,120
7,19.5,126,126
6,19.5,132,132
6,19.5,160,162
9,19.5,128,128
10,19.5,138,138
5,19.5,159,159
8,19.5,115,119
4,19.5,167,171
8,19.5,136,136
7,19.5,183,183
7,19.5,173,177
7,19.5,148,149
8,19.5,155,156
4,19.5,185,189
8,19.5,159,163
7,19.5,148,150
6,19.5,173,177
10,19.5,166,166
6,19.5,165,165
7,19.5,181,183
8,19.5,148,148
8,19.5,139,139
5,19.5,183,187
7,19.5,141,142
8,19.5,141,143
7,19.5,169,170
5,19.5,189,189
10,19.5,154,154
6,19.5,184,185
5,19.5,174,175
8,19.5,143,146
2,19.5,248,248
8,19.5,161,162
8,19.5,183,184
4,19.5,179,183
6,19.5,162,163
8,19.5,169,170
7,19.5,167,168
5,19.5,186,187
6,19.5,159,160
7,19.5,162,162
10,19.5,161,161
3,19.5,187,189
7,19.5,136,138
8,19.5,166,168
6,19.5,176,176
8,19.5,200,200
6,19.5,207,213
8,19.5,160,160
5,19.5,202,204
7,19.5,150,151
4,19.5,209,211
5,19.5,173,177
9,19.5,146,146
6,19.5,204,210
6,19.5,166,168
8,19.5,172,172
7,19.5,161,161
7,19.5,169,171
7,19.5,160,161
6,19.5,133,133
8,19.5,161,162
8,19.5,154,157
5,19.5,194,194
9,19.5,166,167
9,19.5,149,149
6,19.5,199,201
6,19.5,130,131
7,19.5,163,164
9,19.5,185,185
6,19.5,170,171
6,19.5,163,165
9,19.5,151,151
6,19.5,181,181
8,19.5,156,156
9,19.5,146,146
8,19.5,171,173
8,19.5,156,157
5,19.5,185,188
6,19.5,186,188
6,19.5,187,193
2,19.5,211,212
7,19.5,174,175
7,19.5,176,177
6,19.5,153,154
6,19.5,205,207
8,19.5,130,130
8,19.5,166,167
7,19.5,165,167
9,19.5,187,188
6,19.6,165,165
5,19.6,214,214
10,19.6,182,182
7,19.6,154,154
8,19.6,158,158
5,19.6,178,178
10,19.6,165,165
6,19.6,156,156
3,19.6,221,221
8,19.6,176,176
5,19.6,211,211
8,19.6,156,156
8,19.6,147,147
5,19.6,179,179
9,19.6,168,168
8,19.6,119,119
9,19.6,148,148
10,19.6,163,163
10,19.6,105,105
10,19.6,116,116
5,19.6,168,168
8,19.6,123,123
7,19.6,145,145
5,19.6,147,147
8,19.6,153,153
7,19.6,218,218
3,19.6,155,155
10,19.6,163,163
6,19.6,188,188
5,19.6,178,178
9,19.6,154,154
9,19.6,112,112
8,19.6,133,133
4,19.6,163,163
4,19.6,188,188
5,19.6,175,175
5,19.6,183,183
7,19.6,195,195
5,19.6,171,171
10,19.6,109,109
6,19.6,142,142
7,19.6,157,157
7,19.6,160,160
4,19.6,114,114
7,19.6,178,178
9,19.6,136,136
7,19.6,118,118
7,19.6,175,175
9,19.6,129,129
8,19.6,157,157
9,19.6,138,138
7,19.6,124,124
5,19.6,164,164
4,19.6,146,146
4,19.6,190,190
9,19.6,120,120
6,19.6,177,177
8,19.6,173,173
9,19.6,153,153
8,19.6,126,126
7,19.6,132,132
5,19.6,222,222
3,19.6,190,190
10,19.6,128,128
9,19.6,99,99
6,19.6,165,165
4,19.6,180,180
4,19.6,169,169
5,19.6,263,263
6,19.6,159,159
5,19.6,174,174
4,19.6,183,183
8,19.6,112,112
4,19.6,170,170
8,19.6,166,166
9,19.6,136,136
8,19.6,183,183
4,19.6,205,205
6,19.6,193,193
7,19.6,150,150
7,19.6,143,143
6,19.6,157,157
8,19.6,149,149
6,19.6,201,201
8,19.6,142,142
3,19.6,178,178
6,19.6,160,160
6,19.6,226,226
7,19.6,165,165
9,19.6,155,155
7,19.6,209,209
8,19.6,146,146
7,19.6,171,171
7,19.6,200,200
7,19.6,192,192
9,19.6,148,148
5,19.6,158,158
6,19.6,199,199
10,19.6,113,113
7,19.6,152,152
8,19.6,135,135
6,19.6,189,189
8,19.6,186,186
7,19.6,185,185
7,19.6,149,149
3,19.6,164,164
6,19.6,175,175
8,19.6,137,137
3,19.6,248,248
7,19.6,158,158
8,19.6,172,172
8,19.6,138,138
10,19.6,158,158
8,19.6,157,157
7,19.6,178,178
9,19.6,170,170
8,19.6,161,161
7,19.6,188,188
5,19.6,182,182
10,19.6,134,134
3,19.6,209,209
8,19.6,162,162
4,19.6,162,162
7,19.6,128,128
8,19.6,129,129
7,19.6,166,166
7,19.6,176,176
8,19.6,138,138
9,19.6,200,200
8,19.6,143,143
6,19.6,132,132
9,19.6,127,127
9,19.6,152,152
10,19.6,146,146
8,19.6,158,158
5,19.6,164,164
9,19.6,172,172
7,19.6,139,139
6,19.6,178,178
8,19.6,185,185
8,19.6,161,161
4,19.6,213,213
6,19.6,191,191
9,19.6,115,115
7,19.6,133,133
8,19.6,84,84
6,19.6,194,194
10,19.6,167,167
4,19.6,158,158
5,19.6,163,163
9,19.6,114,114
6,19.6,177,177
6,19.6,164,164
5,19.6,163,163
9,19.6,110,110
7,19.6,161,161
5,19.6,164,164
7,19.6,156,156
9,19.6,159,159
7,19.6,188,188
6,19.6,187,187
6,19.6,221,221
10,19.6,152,152
8,19.6,149,149
9,19.6,133,133
9,19.6,127,127
7,19.6,141,141
5,19.6,164,164
7,19.6,165,165
9,19.6,149,149
9,19.6,134,134
10,19.6,185,185
6,19.6,156,156
3,19.6,192,192
6,19.6,210,210
8,19.6,193,193
7,19.6,169,169
7,19.6,162,162
10,19.6,151,151
5,19.6,169,169
10,19.6,115,115
9,19.6,156,156
4,19.6,187,187
6,19.6,170,170
7,19.6,176,176
9,19.6,209,209
6,19.6,193,193
9,19.6,130,130
8,19.6,175,175
8,19.6,153,153
5,19.6,192,192
7,19.6,154,154
10,19.6,127,127
7,19.6,134,134
6,19.6,135,135
8,19.6,214,214
7,19.6,179,179
8,19.6,149,149
5,19.6,186,186
7,19.6,172,172
8,19.6,182,182
4,19.6,214,214
2,1.1,3,156
